film_id,clip_id,film_title,release_date,genres,mood,is_source_separataed,soundtrack_title,caption
AA,0,D.O.A.,1949-12-23,"Crime, Drama, Film-Noir, Mystery",happy,N,MainTitle,"A live brass orchestra performance with tuba and trombone melody, bass line, and electronic drum beat."
AA,1,D.O.A.,1949-12-23,"Crime, Drama, Film-Noir, Mystery",nervous,N,Reporting Ηis Οwn Murder,"A horn melody with orchestral accompaniment transitions to a live orchestral performance with strings, woodwinds, and french horns."
AA,2,D.O.A.,1949-12-23,"Crime, Drama, Film-Noir, Mystery",nervous,N,Lovers Quarrel,"A theremin melody performance transitions to orchestral music with strings and brass, followed by violin and cello."
AA,3,D.O.A.,1949-12-23,"Crime, Drama, Film-Noir, Mystery",happy,N,Juke Box Theme,"A symphonic orchestra performance transitions to a brass orchestra with trombone and tuba melody, concluding with brass and woodwind orchestral performance."
AA,4,D.O.A.,1949-12-23,"Crime, Drama, Film-Noir, Mystery",nervous,N,Paulas Love Note,"An instrumental with horn melody accompanied by strings, horns and rhythm section for the first 20 seconds."
AA,5,D.O.A.,1949-12-23,"Crime, Drama, Film-Noir, Mystery",nervous,N,Strange Sickness,"A symphonic orchestra recording transitions to a traditional church choir singing Christmas carols, followed by another symphonic orchestra piece."
AA,6,D.O.A.,1949-12-23,"Crime, Drama, Film-Noir, Mystery",nervous,N,Luminous Toxin,"A classical orchestral piece with strings and woodwinds transitions to a clarinet-led piece with winds and horns, ending with a march-style trombone and tuba piece."
AA,7,D.O.A.,1949-12-23,"Crime, Drama, Film-Noir, Mystery",nervous,N,Escape to Nowhere,"An instrumental with horn and tuba melody accompanied by strings transitions to an orchestral performance with brass, woodwinds, and percussion."
AA,8,D.O.A.,1949-12-23,"Crime, Drama, Film-Noir, Mystery",nervous,N,Dont Come Paula,Three consecutive segments of a symphonic orchestra recording creating excitement and urgency.
AA,9,D.O.A.,1949-12-23,"Crime, Drama, Film-Noir, Mystery",nervous,N,It Was Suicide,"A classical piece with tuba melody transitions to two segments of an orchestral piece featuring french horns, violins, and tubas."
AA,10,D.O.A.,1949-12-23,"Crime, Drama, Film-Noir, Mystery",nervous,N,Allison Hotel,"An instrumental with clarinet lead transitions to a cello solo, followed by orchestral music with strings and brass."
AA,11,D.O.A.,1949-12-23,"Crime, Drama, Film-Noir, Mystery",peaceful,N,Bill of Sale,"A symphonic orchestra recording transitions through two similar segments before changing to an orchestral performance with brass, woodwinds, and percussion."
AA,12,D.O.A.,1949-12-23,"Crime, Drama, Film-Noir, Mystery",nervous,N,Tracking Reynolds,A live classical brass orchestra performance with trombone lead melody for the first 10 seconds.
AA,13,D.O.A.,1949-12-23,"Crime, Drama, Film-Noir, Mystery",nervous,N,Unknown Assailant,"A classical piece with strings and tuba transitions to an orchestral performance with brass and woodwinds, ending with strings and low brass."
AA,14,D.O.A.,1949-12-23,"Crime, Drama, Film-Noir, Mystery",nervous,N,Assassin Escapes,A brass orchestra performance with trombone and tuba transitions to a symphonic orchestra recording for the first 20 seconds.
AA,15,D.O.A.,1949-12-23,"Crime, Drama, Film-Noir, Mystery",nervous,N,Hotel Hoods,"An instrumental with brass section transitions to a march-style brass orchestra piece, followed by an orchestral performance with strings and woodwinds."
AA,16,D.O.A.,1949-12-23,"Crime, Drama, Film-Noir, Mystery",nervous,N,Soft in the Belly,"An instrumental with brass section harmony transitions to a classical orchestral piece with strings and brass, ending with a symphonic orchestra recording."
AA,17,D.O.A.,1949-12-23,"Crime, Drama, Film-Noir, Mystery",nervous,N,The Gold Urn,"A symphonic orchestra recording transitions to an orchestral performance with brass and woodwinds, concluding with a classical brass orchestra piece."
AA,18,D.O.A.,1949-12-23,"Crime, Drama, Film-Noir, Mystery",nervous,N,Taken for a Ride,"An instrumental with horn melody and trombone transitions to an orchestral performance with brass and strings, ending with a classical orchestral piece."
AA,19,D.O.A.,1949-12-23,"Crime, Drama, Film-Noir, Mystery",nervous,N,Last Farewell,"An instrumental with brass section and violin transitions to a string quartet performance, concluding with a symphonic orchestra recording."
AA,20,D.O.A.,1949-12-23,"Crime, Drama, Film-Noir, Mystery",nervous,N,Stanleys Confession,"An instrumental with brass section harmony transitions through orchestral performances featuring brass, woodwinds, and strings."
AA,21,D.O.A.,1949-12-23,"Crime, Drama, Film-Noir, Mystery",nervous,N,On the Trail,"A classical piece with tuba and flute transitions to an orchestral performance with brass and woodwinds, ending with a symphonic orchestra recording."
AA,22,D.O.A.,1949-12-23,"Crime, Drama, Film-Noir, Mystery",nervous,N,The Flashback Comes to the End,"A harpsichord quintet performance transitions to a violin, cello, and piano trio, concluding with a symphonic orchestra recording."
AB,0,Scarlet Street,1945-12-25,"Crime, Drama, Film-Noir, Thriller",happy,N,Main Title,"A classical accordion performance with bass and percussion transitions to orchestral pieces with strings, brass, and woodwinds."
AC,0,The Red House,1947-02-06,"Drama, Film-Noir, Mystery, Thriller",happy,N,Main Title and Narration,"a soundtrack of orchestral performances featuring strings, woodwinds, and brass with varying intensities."
AC,1,The Red House,1947-02-06,"Drama, Film-Noir, Mystery, Thriller",sad,N,The Morgan Farm,A brass composition transitions to string-led orchestral pieces focusing on violins and cellos.
AC,2,The Red House,1947-02-06,"Drama, Film-Noir, Mystery, Thriller",nervous,N,Oxhead Wood Mystery,"A brass composition transitions to an orchestral piece with french horns and violins, ending with a classical piece featuring brass and strings."
AC,3,The Red House,1947-02-06,"Drama, Film-Noir, Mystery, Thriller",nervous,N,Petes Strange Knowledge,"Two consecutive segments of a brass composition featuring trumpets, horn, and bass for the first 20 seconds."
AC,4,The Red House,1947-02-06,"Drama, Film-Noir, Mystery, Thriller",nervous,N,The Barn,"A French horn solo with orchestral accompaniment transitions to violin and cello harmony, ending with a classical orchestral piece."
AC,5,The Red House,1947-02-06,"Drama, Film-Noir, Mystery, Thriller",nervous,N,Attack in the Woods,"A brass composition transitions to a classical song with strings and brass, ending with a horn melody."
AC,6,The Red House,1947-02-06,"Drama, Film-Noir, Mystery, Thriller",nervous,N,The Accusation and the Conspiracy,"A brass composition transitions to an instrumental with horn melody, ending with a synthesizer-based instrumental."
AC,7,The Red House,1947-02-06,"Drama, Film-Noir, Mystery, Thriller",peaceful,N,Search in the Woods,"A brass composition transitions to a synthesizer-based instrumental, ending with a string composition."
AC,8,The Red House,1947-02-06,"Drama, Film-Noir, Mystery, Thriller",happy,N,Swimming,"A piano melody with violin transitions to a harp quintet performance, concluding with an orchestral performance."
AC,9,The Red House,1947-02-06,"Drama, Film-Noir, Mystery, Thriller",nervous,N,Sunday Dinner,"A brass composition transitions to a string composition, ending with a classical orchestral piece."
AC,10,The Red House,1947-02-06,"Drama, Film-Noir, Mystery, Thriller",sad,N,Crossing the Stream,"A brass composition transitions to a synthesizer-based instrumental, ending with a piano and violin piece."
AC,11,The Red House,1947-02-06,"Drama, Film-Noir, Mystery, Thriller",nervous,N,Pete Warns Teller,"A classical piece with strings and brass transitions to an instrumental with brass and violin, ending with a brass composition."
AC,12,The Red House,1947-02-06,"Drama, Film-Noir, Mystery, Thriller",peaceful,N,Prayer Sequence,"A classical double bass performance transitions to a horn composition with strings and timpani, ending with a piano and violin piece."
AC,13,The Red House,1947-02-06,"Drama, Film-Noir, Mystery, Thriller",sad,N,Meg Finds the Red House,"A brass composition transitions through two segments of instrumental pieces with percussion, harp, and French horn."
AC,14,The Red House,1947-02-06,"Drama, Film-Noir, Mystery, Thriller",sad,N,Megs Accident,"A French horn solo with orchestral accompaniment transitions to orchestral music with strings and brass, ending with a brass composition."
AC,15,The Red House,1947-02-06,"Drama, Film-Noir, Mystery, Thriller",nervous,N,Teller and Nath Fight,"A symphonic piece with strings and timpani transitions to a cello solo with piano, ending with a French horn solo."
AC,16,The Red House,1947-02-06,"Drama, Film-Noir, Mystery, Thriller",sad,N,Who Was Jeanie,"A brass composition transitions to a classical orchestral piece with strings, ending with an instrumental featuring harp and French horn."
AC,17,The Red House,1947-02-06,"Drama, Film-Noir, Mystery, Thriller",sad,N,Ellen Goes to the Woods,"An instrumental with horn melody transitions to an opera performance with female singer, concluding with a French horn solo."
AC,18,The Red House,1947-02-06,"Drama, Film-Noir, Mystery, Thriller",nervous,N,Petes Confession,"A brass composition transitions to a classical piece with strings and brass, ending with another brass composition."
AC,19,The Red House,1947-02-06,"Drama, Film-Noir, Mystery, Thriller",nervous,N,Ride to the Red House and the Red House,"A piano-led instrumental transitions to an orchestral piece with violins and brass, ending with a classical piece featuring brass and timpani."
AC,20,The Red House,1947-02-06,"Drama, Film-Noir, Mystery, Thriller",nervous,N,Petes Death and End Title,"A keyboard and cello instrumental transitions to a classical piece with strings and woodwinds, ending with an orchestral piece featuring strings and horn."
AD,0,My Favorite Brunette,1947-03-19,"Comedy, Crime, Mystery, Romance, Thriller",nervous,N,My Favorite Brunette,"A classical piece with female vocals transitions to a male vocal performance with piano, ending with a male vocal performance with instruments."
AE,0,The General,1926-12-25,"Action, Adventure, Comedy, Drama, War",happy,N,The Other Side (From The General),"A classical piece with harp and strings transitions to a chamber music piece with piano and bass guitar, ending with a synthesizer and woodwinds piece."
AE,1,The General,1926-12-25,"Action, Adventure, Comedy, Drama, War",nervous,N,Kidnapped (From The General),"A classical piece with strings and brass transitions to another classical piece with strings and woodwinds, ending with a tango-influenced piece with tuba and accordion."
AF,0,Sita Sings the Blues,2008-02-11,"Animation, Comedy, Fantasy, Musical, Romance",happy,N,Here We Are,"An electric guitar melody with male voice transitions to a rock song with female vocals, ending with a jazz piece featuring female vocals."
AG,0,Jack and the Beanstalk,1952-04-04,"Comedy, Family, Fantasy, Musical, Romance",nervous,Y,UNKNOWN,"A classical brass orchestra piece transitions to another brass orchestra piece, ending with a rock song featuring male vocals."
AH,0,My Man Godfrey,1936-09-01,"Comedy, Drama, Romance",peaceful,N,2 American Sketches Nocturne Two American Sketches Nocturne,"A theremin solo transitions to resonating bowl sounds, ending with a didgeridoo instrumental."
AH,1,My Man Godfrey,1936-09-01,"Comedy, Drama, Romance",happy,N,1st RECORDING OF Manhattan Serenade Nat Shilkret-Victor Salon Orch (1928),"A flute melody transitions to a classical cello and tuba piece, ending with an orchestral piece featuring violin, cello, and tuba."
AI,0,The Boy in the Plastic Bubble,1976-11-12,"Drama, Romance",peaceful,N,What Would They Say,"A classical trio performance transitions to a male vocal performance, ending with another male vocal performance with instruments."
AJ,0,The Little Princess,1939-02-21,"Comedy, Drama, Family, Musical",happy,N,Soldiers of the Queen,"A classical brass quintet piece transitions to a philharmonic orchestra performance, ending with a classical string and brass piece."
AJ,1,The Little Princess,1939-02-21,"Comedy, Drama, Family, Musical",peaceful,N,The Fantasy The Little Princess 1939 CC,"A xylophone melody transitions to a cello instrumental, ending with a classical string piece."
AK,0,The Flying Deuces,1939-11-03,"Comedy, Family, War",peaceful,N,Ernest Seitz (arr Lou Singer) The World is Waiting for the Sunrise,"A male vocal performance transitions to a classical cello piece, ending with a classical brass piece."
AL,0,Penny Serenade,1941-04-24,"Drama, Romance",happy,N,John McCormack Three OClock In The Morning Victor 66109 (1922) Dorothy Teriss-Julian Robledo song,"An instrumental with sliding sounds and bells transitions to a droning sound melody, ending with a gospel choir performance."
AL,1,Penny Serenade,1941-04-24,"Drama, Romance",peaceful,Y,UNKNOWN,"A didgeridoo instrumental transitions to a marimba melody, ending with a brass composition."
AL,2,Penny Serenade,1941-04-24,"Drama, Romance",peaceful,Y,UNKNOWN,"a soundtrack of brass section performances featuring trumpets, trombone, and tuba."
AL,3,Penny Serenade,1941-04-24,"Drama, Romance",peaceful,N,Edward MacDowell To a Wild Rose Op 51 No 1,A bell sound transitions to two consecutive segments of a piano cover of a glam metal piece.
AL,4,Penny Serenade,1941-04-24,"Drama, Romance",peaceful,N,You Were Meant For Me (1929) Conrad Nagel,"A xylophone and rattles performance transitions to a harp melody with male voice, ending with a male vocal performance."
AM,0,The Birth of a Nation,1915-02-08,"Drama, History, War",happy,N,Cotton Fields Reprise,An acoustic guitar melody transitions to piano pieces with brass accompaniment.
AM,1,The Birth of a Nation,1915-02-08,"Drama, History, War",happy,Y,UNKNOWN,Three consecutive segments of a classical orchestral piece featuring french horn and tubular bells.
AM,2,The Birth of a Nation,1915-02-08,"Drama, History, War",nervous,N,Men in white,"A folk song with acoustic guitar transitions to another folk piece with guitar and flute, ending with a classical orchestral piece."
AM,3,The Birth of a Nation,1915-02-08,"Drama, History, War",nervous,N,End of war,"A classical tango piece with four saxophones transitions to a trombone piece with brass, ending with another saxophone quartet piece."
AM,4,The Birth of a Nation,1915-02-08,"Drama, History, War",nervous,N,End of Confederation,"A chamber music quintet transitions to a classical orchestral piece with strings and woodwinds, ending with another orchestral piece."
AM,5,The Birth of a Nation,1915-02-08,"Drama, History, War",happy,N,The last battle,"A classical piece with brass and woodwinds transitions to a folk song with trombone and electric guitar, ending with a classical piece with trombone."
AM,6,The Birth of a Nation,1915-02-08,"Drama, History, War",happy,N,Flora Cameron Reprise,A classical piece with trombone transitions to a pop song with male vocals for the first 20 seconds.
AM,7,The Birth of a Nation,1915-02-08,"Drama, History, War",sad,Y,UNKNOWN,Two consecutive segments of cello melody with piano accompaniment for the first 20 seconds.
AM,8,The Birth of a Nation,1915-02-08,"Drama, History, War",happy,N,President,Three consecutive segments of a trombone melody with tuba and brass instruments.
AM,9,The Birth of a Nation,1915-02-08,"Drama, History, War",happy,Y,UNKNOWN,"A classical orchestral piece with brass transitions to another orchestral piece with french horn, ending with a third orchestral piece with brass."
AM,10,The Birth of a Nation,1915-02-08,"Drama, History, War",peaceful,N,Benjamin Cameron,"A melody with reverb transitions to a recorder piece with strings, ending with a horn piece with orchestral accompaniment."
AM,11,The Birth of a Nation,1915-02-08,"Drama, History, War",happy,N,Love Can Be Cruel,"A flute melody transitions to a pop song cover with male vocals, ending with a piano piece with bass."
AM,12,The Birth of a Nation,1915-02-08,"Drama, History, War",nervous,N,Black Militia,"A classical piece with cello transitions to a clarinet-led instrumental, ending with an acoustic guitar melody."
AM,13,The Birth of a Nation,1915-02-08,"Drama, History, War",nervous,N,Men in white,"A folk song with accordion transitions to a folk song with acoustic guitar, ending with a classical orchestral piece with saxophone and tuba."
AM,14,The Birth of a Nation,1915-02-08,"Drama, History, War",nervous,N,Invisible Empire,A folk song with harp and flute transitions to piano pieces with violin and tuba accompaniment.
AM,15,The Birth of a Nation,1915-02-08,"Drama, History, War",nervous,Y,UNKNOWN,"A trombone piece with brass transitions to an acoustic guitar piece with flute, ending with another trombone and brass piece."
AM,16,The Birth of a Nation,1915-02-08,"Drama, History, War",nervous,Y,UNKNOWN,A piano melody with strings transitions to two orchestral pieces with brass and woodwinds.
AM,17,The Birth of a Nation,1915-02-08,"Drama, History, War",happy,N,I dont wanna lose more,An acoustic guitar melody transitions to two orchestral pieces with brass and woodwinds.
AM,18,The Birth of a Nation,1915-02-08,"Drama, History, War",nervous,N,Arrest,A trombone with brass piece transitions to a violin instrumental for the first 20 seconds.
AM,19,The Birth of a Nation,1915-02-08,"Drama, History, War",nervous,N,We need help,A melodic piece with reverb transitions to classical pieces featuring violin and cello.
AM,20,The Birth of a Nation,1915-02-08,"Drama, History, War",nervous,N,Indignity,A flute melody with acoustic guitar transitions to a horn piece with brass for the first 20 seconds.
AM,21,The Birth of a Nation,1915-02-08,"Drama, History, War",nervous,N,We need help,"An acoustic guitar melody transitions to another acoustic guitar piece, ending with an orchestral piece with brass and woodwinds."
AM,22,The Birth of a Nation,1915-02-08,"Drama, History, War",nervous,N,Damsel in Distress,Three consecutive segments of classical pieces featuring saxophone quartet and french horn with tubular bells.
AM,23,The Birth of a Nation,1915-02-08,"Drama, History, War",nervous,N,Trapped,"A piano and wind instrument piece transitions to a classical piece with violin, cello, and piano for the first 20 seconds."
AM,24,The Birth of a Nation,1915-02-08,"Drama, History, War",nervous,N,Damsel in Distress,"A classical tango piece with saxophones transitions to an orchestral piece with french horn, ending with a classical piece featuring trombone and violin."
AM,25,The Birth of a Nation,1915-02-08,"Drama, History, War",nervous,N,Alone Reprise,"Three consecutive segments of orchestral performances featuring strings, woodwinds, brass, and percussion."
AM,26,The Birth of a Nation,1915-02-08,"Drama, History, War",nervous,Y,UNKNOWN,"A trombone and tuba piece transitions to an accordion and tuba piece, ending with a violin and cello piece."
AM,27,The Birth of a Nation,1915-02-08,"Drama, History, War",nervous,N,The New Grim Reaping,An accordion and cello piece transitions to orchestral pieces featuring strings and piano.
AN,0,Santa Fe Trail,1940-12-13,"Drama, War, Western",happy,Y,UNKNOWN,"A Greek folk piece with male vocals transitions to a classical piece with melodic pad, ending with a classical piece featuring male vocals."
AN,1,Santa Fe Trail,1940-12-13,"Drama, War, Western",happy,N,승리의찬가(The Battle Hymn of the Republic) - 서울c남성합창단  William Steffe,A male vocal piece with synth transitions to gospel songs with male vocals and instruments.
AN,2,Santa Fe Trail,1940-12-13,"Drama, War, Western",nervous,Y,UNKNOWN,A classical trombone piece transitions to orchestral pieces featuring brass sections.
AO,0,A Star Is Born,1937-04-20,"Drama, Romance",peaceful,Y,UNKNOWN,"A symphonic piece with trumpets and strings transitions to another orchestral piece, ending with a symphonic orchestra recording."
AO,1,A Star Is Born,1937-04-20,"Drama, Romance",happy,N,●{Arthur Schwartz}●  ♫♭♪  Dancing In The Dark  ♫♭♪  M-G-M Studio Orchestra wmv,"An instrumental with horn transitions to a synthesizer-based piece, ending with a classical orchestral piece."
AO,2,A Star Is Born,1937-04-20,"Drama, Romance",nervous,Y,UNKNOWN,A classical brass piece transitions to two symphonic orchestra recordings.
AP,0,Tormented,1960-09-22,"Horror, Thriller",happy,Y,UNKNOWN,Three consecutive segments of orchestral performances featuring brass and percussion.
AP,1,Tormented,1960-09-22,"Horror, Thriller",nervous,N,Nightmare,"A jazz performance with saxophone transitions to another jazz piece, ending with an orchestral piece."
AP,2,Tormented,1960-09-22,"Horror, Thriller",nervous,N,Vis Watch  Whos in the Lighthouse,"Three consecutive segments of orchestral performances featuring brass, strings, and woodwinds."
AP,3,Tormented,1960-09-22,"Horror, Thriller",nervous,Y,UNKNOWN,"A classical march piece transitions to another march piece, ending with a synthesizer-based piece."
AP,4,Tormented,1960-09-22,"Horror, Thriller",nervous,N,Mrs Ellis Talks to the Dead,"Three consecutive segments of orchestral performances featuring brass, strings, and woodwinds."
AP,5,Tormented,1960-09-22,"Horror, Thriller",happy,Y,UNKNOWN,"An instrumental piece that transitions from piano harmony to piano with bass guitar, and finally to a brass orchestra featuring trombone and tuba."
AP,6,Tormented,1960-09-22,"Horror, Thriller",happy,N,Perfume by Arpege,"A classical piece performed by brass and cello, followed by clarinet and upright bass with drums, concluding with a live orchestral performance."
AP,7,Tormented,1960-09-22,"Horror, Thriller",nervous,Y,UNKNOWN,"The piece moves from a marimba melody to electronic keyboard, ending with electronic keyboard and cello."
AP,8,Tormented,1960-09-22,"Horror, Thriller",nervous,Y,UNKNOWN,"A cello solo transitions to electronic keyboard, and concludes with a trio featuring marimba, piano, and cello."
AP,9,Tormented,1960-09-22,"Horror, Thriller",nervous,N,Sandy in Danger  Toms End  End Titles,"A live classical performance featuring brass, strings, and percussion throughout its duration."
AQ,0,Creature from the Haunted Sea,1961-06-30,"Comedy, Horror",peaceful,Y,UNKNOWN,"The piece progresses from electronic keyboard with synthesizer to echoing drone sounds, ending with didgeridoo."
AR,0,Carnival of Souls,1962-09-26,"Horror, Mystery",peaceful,N,Carnival of Souls Organ Solo,"The music moves from sustained strings to flute with nature sounds, concluding with electronic synthesizer arrangements."
AR,1,Carnival of Souls,1962-09-26,"Horror, Mystery",nervous,N,Carnival of Souls Organ Solo,"A piece featuring sustained strings and woodwinds, followed by theremin solo, ending with flute melody and nature sounds."
AR,2,Carnival of Souls,1962-09-26,"Horror, Mystery",nervous,N,Carnival of Souls,A classical piece with brass and strings that concludes with violins and viola.
AR,3,Carnival of Souls,1962-09-26,"Horror, Mystery",nervous,N,Carnival of Souls Organ Solo,"The music transitions from flute melody to nature sounds, ending with an Arabic piece featuring clarinet, garmon, and bass guitar."
AS,0,Night of the Living Dead,1968-10-01,"Horror, Thriller",nervous,N,NIGHT OF THE LIVING DEAD (Title Sequence) [EERIE HEAVY ECHO (L-1204)]) (1968 - Image Ten),"An instrumental that moves from cello harmony to string section, concluding with woodwinds melody."
AS,1,Night of the Living Dead,1968-10-01,"Horror, Thriller",nervous,N,Night of the Living Dead Soundtrack 02 - At the Gravesite  Flight and Refuge,"The piece progresses from solo harpsichord to strings with woodwinds and percussion, ending with keyboard and percussive bass."
AS,2,Night of the Living Dead,1968-10-01,"Horror, Thriller",nervous,N,Night of the Living Dead Soundtrack 04 - Ghoulash (JRs Demise),"A piece featuring shimmering bells, followed by woodwinds with strings and brass, concluding with bagpipes."
AS,3,Night of the Living Dead,1968-10-01,"Horror, Thriller",nervous,N,Night of the Living Dead Soundtrack 06 - First Radio Report  Torch on the Porch,"The recording transitions from male vocals with bass guitar to didgeridoo, ending with male vocals and synth pad."
AS,4,Night of the Living Dead,1968-10-01,"Horror, Thriller",nervous,N,Night of the Living Dead Soundtrack 10 - TV Discovery  Preparing to Escape  Tom and Judy,"A live classical performance featuring cello, piano, and upright bass, followed by brass and woodwinds with percussion."
AS,5,Night of the Living Dead,1968-10-01,"Horror, Thriller",nervous,N,Night of the Living Dead Soundtrack 10 - TV Discovery  Preparing to Escape  Tom and Judy,"A classical piece moving from brass and percussion to strings with woodwinds, ending with strings, woodwind, and marimba."
AS,6,Night of the Living Dead,1968-10-01,"Horror, Thriller",nervous,N,Night of the Living Dead Soundtrack 12 - Truck on Fire  Ben and Harry,"The piece progresses from brass and saxophone with acoustic guitar to orchestral brass and timpani, concluding with symphonic strings and brass."
AT,0,I Bury the Living,1958-07-23,Horror,happy,N,Main Title (I Bury the Living soundtrack 1958 Gerald Fried),"A blues rock piece with male vocals, electric guitar, and keyboard transitions to harpsichord melodies."
AT,1,I Bury the Living,1958-07-23,Horror,nervous,N,Thinking It Over (I Bury the Living soundtrack 1958 Gerald Fried),"The music moves from woodwinds to marimba, concluding with electric guitar, drums, and bass."
AT,2,I Bury the Living,1958-07-23,Horror,nervous,N,Scratch Batch (I Bury the Living soundtrack 1958 Gerald Fried),"A horn melody transitions to strings with brass and percussion, ending with harpsichord."
AT,3,I Bury the Living,1958-07-23,Horror,nervous,N,Granite Gully (I Bury the Living soundtrack 1958 Gerald Fried),"The piece progresses from french horn to trumpet, concluding with traditional Altai instruments including drone strings and wind instruments."
AT,4,I Bury the Living,1958-07-23,Horror,sad,N,Quiet Kiss (I Bury the Living soundtrack 1958 Gerald Fried),"An instrumental featuring cello, piano, and violin transitions to percussion and French horn."
AT,5,I Bury the Living,1958-07-23,Horror,nervous,Y,UNKNOWN,"A droning melody transitions to marimba with clarinet and flute, ending with keyboard and synthesizer arrangements."
AT,6,I Bury the Living,1958-07-23,Horror,nervous,N,Bring Em Back Alive (I Bury the Living soundtrack 1958 Gerald Fried),"A harp melody moves to harpsichord performance, concluding with flute solo accompanied by violins, bass guitar, and drums."
AT,7,I Bury the Living,1958-07-23,Horror,nervous,Y,UNKNOWN,"The piece transitions from cello melody to strings and woodwinds, ending with a cello trio performance."
AT,8,I Bury the Living,1958-07-23,Horror,nervous,N,Cemetery (I Bury the Living soundtrack 1958 Gerald Fried),"A french horn piece moves to trombone and flute, concluding with male vocals, harmonica, bass, and percussion."
AU,0,A Bucket of Blood,1959-10-21,"Comedy, Crime, Horror",nervous,Y,UNKNOWN,"A piece featuring cello, clarinet, bass clarinet, and trombone transitions to rock arrangements with various instruments."
AV,0,White Zombie,1932-07-28,Horror,happy,N,WHITE ZOMBIE (Opening Sequence [CHANT]) (1932 - Halperin Productions),"The music moves from ukulele playing marimba to male vocals with acoustic guitar, ending with trombone and cymbals."
AV,1,White Zombie,1932-07-28,Horror,nervous,Y,UNKNOWN,"A recording featuring shoe tapping sounds transitions to woodwinds, concluding with synchronized brass and woodwinds."
AW,0,The Hunchback of Notre Dame,1923-09-02,"Drama, Horror, Romance",sad,Y,UNKNOWN,"An orchestral piece with brass transitions to violin and piano, ending with brass orchestra featuring trombone and tuba."
AW,1,The Hunchback of Notre Dame,1923-09-02,"Drama, Horror, Romance",happy,Y,UNKNOWN,"The piece moves from harmonica with double bass to classical arrangements, concluding with choir, strings, brass, and percussion."
AW,2,The Hunchback of Notre Dame,1923-09-02,"Drama, Horror, Romance",peaceful,Y,UNKNOWN,"An electric guitar piece transitions to harmonica with double bass, ending with male vocals and harmonica."
AW,3,The Hunchback of Notre Dame,1923-09-02,"Drama, Horror, Romance",nervous,Y,UNKNOWN,A classical march performed by brass orchestra transitions to symphonic orchestra performances.
AW,4,The Hunchback of Notre Dame,1923-09-02,"Drama, Horror, Romance",nervous,Y,UNKNOWN,"A live classical piece with woodwinds and strings moves to violin harmony, ending with flute melody."
AW,5,The Hunchback of Notre Dame,1923-09-02,"Drama, Horror, Romance",nervous,Y,UNKNOWN,"A symphonic orchestra recording transitions to dance music with choir, concluding with violin and brass section."
AW,6,The Hunchback of Notre Dame,1923-09-02,"Drama, Horror, Romance",nervous,N,The Hunchback of Notre Dame 1923 PART 2,"A gospel song with female vocals transitions to strings and woodwinds, ending with strings, woodwinds, and bass."
AW,7,The Hunchback of Notre Dame,1923-09-02,"Drama, Horror, Romance",nervous,Y,UNKNOWN,"An accordion piece transitions to bagpipe melodies, concluding with accordion melody."
AW,8,The Hunchback of Notre Dame,1923-09-02,"Drama, Horror, Romance",nervous,Y,UNKNOWN,"A folk song with strings transitions to bagpipes, ending with an Oud solo."
AX,0,At War with the Army,1950-12-31,"Comedy, Musical, War",nervous,Y,UNKNOWN,"A cello piece moves to symphonic orchestra, concluding with brass and drums."
AY,0,Made for Each Other,1939-02-10,"Comedy, Drama, Romance",peaceful,N,Made for Each Other,A consistent piece featuring piano and violin throughout all segments.
AZ,0,Lady of Burlesque,1943-05-01,"Comedy, Music, Mystery, Romance",nervous,Y,UNKNOWN,"An accordion with trombone and male vocals transitions to Afro-Cuban percussion, ending with dancehall/reggae featuring male vocals."
BA,0,Life with Father,1947-08-14,"Comedy, Family",happy,N,Breakfast With The Choir Vol 1 - Daddy Wouldnt Buy Me A Bow-Wow - By Joseph Tabrar,"An Arab male singer with instruments transitions to choir with tabla, ending with female vocals, flute, and percussion."
BA,1,Life with Father,1947-08-14,"Comedy, Family",happy,N,Loves Old Sweet Song (Just a Song at Twilight) J L Molloy,"A brass orchestra piece transitions to female choir, concluding with female solo and choir vocals."
BB,0,Love Affair,1939-03-16,"Comedy, Drama, Romance",happy,N,Seeburg 1000- Industrial N 15A 4-1-1964- A11- Wishing (Will Make It So) song by Buddy Desylva,"A trombone melody moves to tuba with piano, ending with clarinet and tuba."
BB,1,Love Affair,1939-03-16,"Comedy, Drama, Romance",happy,N,Martini  Plaisir damour - Urtext (Voice 26  High F Major),"A piano harmony transitions to acoustic piano melody, concluding with acoustic guitar."
BC,0,A Farewell to Arms,1932-12-08,"Drama, Romance, War",nervous,Y,UNKNOWN,"A keyboard harmony moves to droning melody, ending with drone sound effects."
BD,0,The Little Shop of Horrors,1960-08-05,"Comedy, Horror",nervous,Y,UNKNOWN,"A classical piece with strings and percussion transitions to woodwinds, concluding with electric guitar riff."
BE,0,Charade,1963-12-05,"Comedy, Mystery, Romance, Thriller",sad,N,Bye Bye Charlie,"A classical piece for violin, viola, and cello transitions to strings and woodwinds with marimba."
BE,1,Charade,1963-12-05,"Comedy, Mystery, Romance, Thriller",happy,Y,UNKNOWN,"A brass orchestra march transitions to harp performance, ending with brass, woodwinds, and percussion."
BF,0,The Last Man on Earth,1964-05-06,"Drama, Horror, Sci-Fi",nervous,N,01 The Sunrise (The Last Man on Earth 1964 Paul Sawtell & Bert Shefter),"A classical piece with strings, brass, and percussion transitions to symphonic orchestra, ending with brass section and violin."
BF,1,The Last Man on Earth,1964-05-06,"Drama, Horror, Sci-Fi",nervous,N,04 New Garlic (The Last Man on Earth 1964 Paul Sawtell & Bert Shefter),"A chamber piece with harp, flute, strings transitions to orchestral music with violin and cello."
BF,2,The Last Man on Earth,1964-05-06,"Drama, Horror, Sci-Fi",nervous,N,04 New Garlic (The Last Man on Earth 1964 Paul Sawtell & Bert Shefter),A chamber music piece with strings and woodwinds transitions to orchestral arrangements.
BF,3,The Last Man on Earth,1964-05-06,"Drama, Horror, Sci-Fi",nervous,N,05 Morgans Day Out - Stake Montage (The Last Man on Earth 1964 Paul Sawtell & Bert Shefter),"A flute piece with Chinese influences transitions to bagpipe and piano, ending with solo cello."
BF,4,The Last Man on Earth,1964-05-06,"Drama, Horror, Sci-Fi",happy,N,Paul Sawtell & Bert Shefter - Vampire BopApocalypse Jazz (1964),"A wooden percussion piece moves to harpsichord, concluding with jazz featuring saxophone, bass, and drums."
BF,5,The Last Man on Earth,1964-05-06,"Drama, Horror, Sci-Fi",nervous,Y,UNKNOWN,A droning melody transitions to symphonic orchestra performances.
BF,6,The Last Man on Earth,1964-05-06,"Drama, Horror, Sci-Fi",nervous,N,09 The Paper - Empty Yard (The Last Man on Earth 1964 Paul Sawtell & Bert Shefter),"An orchestral piece with brass transitions to violin performance, ending with symphonic brass instruments."
BF,7,The Last Man on Earth,1964-05-06,"Drama, Horror, Sci-Fi",sad,N,11 The Plague Worsens (The Last Man on Earth 1964 Paul Sawtell & Bert Shefter),A classical piece with strings transitions through orchestral arrangements featuring violin and cello.
BF,8,The Last Man on Earth,1964-05-06,"Drama, Horror, Sci-Fi",nervous,N,13 The Lab (The Last Man on Earth 1964 Paul Sawtell & Bert Shefter),An electric guitar melody transitions to symphonic orchestra.
BF,9,The Last Man on Earth,1964-05-06,"Drama, Horror, Sci-Fi",nervous,N,14 When (The Last Man on Earth 1964 Paul Sawtell & Bert Shefter),"An orchestral piece with strings and cello transitions to string melody, ending with solo cello."
BF,10,The Last Man on Earth,1964-05-06,"Drama, Horror, Sci-Fi",nervous,N,15 The Burning Pit (The Last Man on Earth 1964 Paul Sawtell & Bert Shefter),An orchestral piece with brass and woodwinds transitions through orchestral arrangements.
BF,11,The Last Man on Earth,1964-05-06,"Drama, Horror, Sci-Fi",nervous,N,16 Virge Dies (The Last Man on Earth 1964 Paul Sawtell & Bert Shefter),An orchestral piece with violin and cello transitions to strings performance.
BF,12,The Last Man on Earth,1964-05-06,"Drama, Horror, Sci-Fi",nervous,N,18 The Re-Animed (The Last Man on Earth 1964 Paul Sawtell & Bert Shefter),"A woodwinds melody transitions to high-pitched vocals, concluding with female choir."
BF,13,The Last Man on Earth,1964-05-06,"Drama, Horror, Sci-Fi",nervous,N,20 Morgans New Car - The Dog (The Last Man on Earth 1964 Paul Sawtell & Bert Shefter),"A symphonic orchestra piece transitions to violin melody, ending with flute melody."
BF,14,The Last Man on Earth,1964-05-06,"Drama, Horror, Sci-Fi",sad,N,21 Iron Stalkes (The Last Man on Earth 1964 Paul Sawtell & Bert Shefter),A classical string piece transitions through orchestral arrangements with violin and cello.
BF,15,The Last Man on Earth,1964-05-06,"Drama, Horror, Sci-Fi",happy,N,22 The Dog Returns (The Last Man on Earth 1964 Paul Sawtell & Bert Shefter),"An orchestral piece with brass transitions to violin and cello, ending with string melody."
BF,16,The Last Man on Earth,1964-05-06,"Drama, Horror, Sci-Fi",nervous,N,23 Bad Blood (The Last Man on Earth 1964 Paul Sawtell & Bert Shefter),"A classical piece with strings, brass, and woodwinds transitions through orchestral arrangements."
BF,17,The Last Man on Earth,1964-05-06,"Drama, Horror, Sci-Fi",nervous,N,24 The Woman (The Last Man on Earth 1964 Paul Sawtell & Bert Shefter),A classical piece with violins and brass transitions through orchestral arrangements.
BF,18,The Last Man on Earth,1964-05-06,"Drama, Horror, Sci-Fi",nervous,N,25 The Truth (The Last Man on Earth 1964 Paul Sawtell & Bert Shefter),"A string section with violin transitions to orchestral music, ending with solo bagpipes."
BF,19,The Last Man on Earth,1964-05-06,"Drama, Horror, Sci-Fi",nervous,N,26 Transfusion (The Last Man on Earth 1964 Paul Sawtell & Bert Shefter),"A string section with violin transitions to orchestral music, concluding with brass section featuring trumpets, trombone, and horn."
BG,0,The Brother from Another Planet,1984-07-10,"Comedy, Sci-Fi",happy,N,LITTLE ANTHONY AND THE IMPERIALS - TWO PEOPLE IN THE WORLD - END 1027 - 1958,A reggae song with male vocals transitions to rock music with male vocals and instruments.
BG,1,The Brother from Another Planet,1984-07-10,"Comedy, Sci-Fi",happy,N,Pussy I Cocky I Water,A reggae piece with male vocals and instruments transitions through different reggae arrangements.
BG,2,The Brother from Another Planet,1984-07-10,"Comedy, Sci-Fi",nervous,Y,UNKNOWN,An electronic keyboard with cello transitions to horn performances.
BG,3,The Brother from Another Planet,1984-07-10,"Comedy, Sci-Fi",happy,N,Homeboy (feat Joe Morton),"A hip-hop piece with male rapper transitions to pop with female vocals, ending with hip-hop."
BH,0,The Man Who Knew Too Much,1934-12-09,"Crime, Mystery, Thriller",happy,N,Storm Clouds Cantata (From The Man Who Knew Too Much) (Arr B Herrman),"An orchestral piece with strings and woodwinds transitions to string section with viola, cello, and bassoon, ending with piano."
BH,1,The Man Who Knew Too Much,1934-12-09,"Crime, Mystery, Thriller",happy,N,Storm Clouds Cantata (From The Man Who Knew Too Much) (Arr B Herrman),"An orchestral piece with strings and woodwinds transitions to string section with various instruments, ending with orchestra and horn section."
BI,0,Escape from Sobibor,1987-04-12,"Drama, History, War",happy,Y,UNKNOWN,"A flute melody transitions to french horn, ending with harmonica and upright bass."
BJ,0,Angel and the Badman,1947-02-05,"Drama, Romance, Western",nervous,Y,UNKNOWN,"A piece with cello, piano, and violin transitions to chamber music featuring harp, flute, and strings."
BK,0,The Bigamist,1953-11-24,"Drama, Film-Noir",peaceful,N,It Wasnt The Stars That Thrilled Me (1954) - Matt Dennis,"A french horn melody transitions to male vocals with trombone, ending with male vocals, piano, and bass."
BL,0,"Spider Baby or, the Maddest Story Ever Told",1967-12-24,"Comedy, Horror",nervous,Y,UNKNOWN,"A violin and cello piece transitions to solo cello, ending with cello, violin, and brass section."
BM,0,Vampyr,1932-05-06,"Fantasy, Horror",sad,Y,UNKNOWN,"A classical string piece transitions to synth pad, ending with double bass, trombone, and percussion."
BM,1,Vampyr,1932-05-06,"Fantasy, Horror",nervous,Y,UNKNOWN,"A trombone duet transitions to brass orchestra, ending with piano piece."
BN,0,The Strange Love of Martha Ivers,1946-06-13,"Drama, Film-Noir, Romance",happy,N,The Strange Love of Martha Ivers Suite (Original Soundtrack Theme from The Strange Love of,A symphonic orchestra with strings and brass transitions through orchestral arrangements.
BN,1,The Strange Love of Martha Ivers,1946-06-13,"Drama, Film-Noir, Romance",nervous,Y,UNKNOWN,"A cello riff transitions to symphonic orchestra, ending with shofar and bass."
BN,2,The Strange Love of Martha Ivers,1946-06-13,"Drama, Film-Noir, Romance",happy,Y,UNKNOWN,"An electric guitar piece transitions to saxophone quartet, ending with orchestral brass featuring trombone and tuba."
BO,0,The Giant Gila Monster,1959-06-25,"Horror, Sci-Fi, Thriller",happy,Y,UNKNOWN,"A woodwinds performance transitions to marimba and tuba, ending with meditation sounds featuring gong and wind-chime."
BP,0,The Last Time I Saw Paris,1954-11-18,"Drama, Romance",happy,Y,UNKNOWN,"A female opera performance transitions to brass section with tuba, ending with brass ensemble."
BP,1,The Last Time I Saw Paris,1954-11-18,"Drama, Romance",peaceful,Y,UNKNOWN,An electric guitar piece transitions through symphonic orchestra performances.
BP,2,The Last Time I Saw Paris,1954-11-18,"Drama, Romance",peaceful,Y,UNKNOWN,A pop piece with male vocals transitions through orchestral arrangements with vocals.
BP,3,The Last Time I Saw Paris,1954-11-18,"Drama, Romance",happy,Y,UNKNOWN,"An accordion piece transitions to tuba melody, ending with choir performance."
BP,4,The Last Time I Saw Paris,1954-11-18,"Drama, Romance",nervous,Y,UNKNOWN,A lullaby with female vocals and tuba transitions through tuba performances.
BP,5,The Last Time I Saw Paris,1954-11-18,"Drama, Romance",sad,Y,UNKNOWN,"A lullaby with female vocals and tuba transitions to electronic keyboard, ending with choir."
BQ,0,Zeitgeist,2007-06-01,"Documentary, History",peaceful,Y,UNKNOWN,"A bass flute solo transitions to acoustic guitar, ending with harp melody."
BQ,1,Zeitgeist,2007-06-01,"Documentary, History",nervous,N,Peter Joseph - Zeitgeist Film Series (Original Motion Picture Soundtrack) - 15 Reprise,"A hip-hop piece with male vocals transitions to percussion and didgeridoo with violin, ending with didgeridoo and instrumental accompaniment."
BR,0,Santa Claus Conquers the Martians,1964-11-14,"Adventure, Comedy, Family, Fantasy, Sci-Fi",happy,N,Hooray for Santa Claus,A pop piece with female vocals transitions through different pop arrangements.
BR,1,Santa Claus Conquers the Martians,1964-11-14,"Adventure, Comedy, Family, Fantasy, Sci-Fi",happy,Y,UNKNOWN,"A flute melody transitions to dance music, ending with didgeridoo."
BS,0,The Inspector General,1949-12-30,"Comedy, Musical, Romance",happy,Y,UNKNOWN,"An Arab male vocal piece transitions to harmonica with tabla, ending with female vocals, harp, and flute."
BT,0,Till the Clouds Roll By,1946-12-05,"Biography, Musical",peaceful,Y,UNKNOWN,A synth piece transitions to trombone duet performances.
BT,1,Till the Clouds Roll By,1946-12-05,"Biography, Musical",happy,N,Howd You Like to Spoon With Me - Till The Clouds Roll By  Angela Lansbury (HD),"An orchestral piece with reed instruments transitions to horn melody, ending with piano melody."
BT,2,Till the Clouds Roll By,1946-12-05,"Biography, Musical",peaceful,N,DINAH SHORE--THE LAST TIME I SAW PARISwmv,"A female choir transitions to female vocals with electric guitar, ending with female vocals and strings."
BU,0,Jungle Book,1942-04-01,"Action, Adventure, Family",nervous,N,The Jungle Book Suite IV Lullaby,A synthesizer piece with sound effects transitions to cello and piano.
BU,1,Jungle Book,1942-04-01,"Action, Adventure, Family",nervous,Y,UNKNOWN,"A marimba piece with clarinet and flute transitions to a violin, cello, and piano trio, ending with a harpsichord piece."
BU,2,Jungle Book,1942-04-01,"Action, Adventure, Family",peaceful,Y,UNKNOWN,"A symphonic orchestra transitions to a clarinet, flute, tuba, and cello piece, ending with a marimba and tuba duet."
BU,3,Jungle Book,1942-04-01,"Action, Adventure, Family",peaceful,Y,UNKNOWN,"A symphonic orchestra recording transitions to a piano and violin piece, then returns to symphonic orchestra."
BV,0,The Most Dangerous Game,1932-09-16,"Action, Adventure, Horror, Thriller",happy,N,Main Title (From The Most Dangerous Game) (Reconstructed J Morgan),"A horn solo with reverb transitions to a chamber quintet with harp, flute, violin, viola, and cello, ending with a brass composition."
BV,1,The Most Dangerous Game,1932-09-16,"Action, Adventure, Horror, Thriller",peaceful,N,Russian Waltz (From The Most Dangerous Game) (Reconstructed J Morgan),A two-trombone piece transitions to orchestral pieces featuring french horn and tubular bells.
BV,2,The Most Dangerous Game,1932-09-16,"Action, Adventure, Horror, Thriller",peaceful,N,Incidental Music (From The Most Dangerous Game) (Reconstructed J Morgan),"A horn solo transitions to a brass orchestra march with tuba, ending with a cello piece."
BV,3,The Most Dangerous Game,1932-09-16,"Action, Adventure, Horror, Thriller",nervous,N,Agitato (From The Most Dangerous Game) (Reconstructed J Morgan),"A keyboard and synthesizer piece transitions to a double bass performance, ending with a trombone-led piece."
BV,4,The Most Dangerous Game,1932-09-16,"Action, Adventure, Horror, Thriller",nervous,N,The Iron Door (From The Most Dangerous Game) (Reconstructed J Morgan),"Two segments of brass compositions transition to an instrumental with brass, percussion, and keyboard."
BV,5,The Most Dangerous Game,1932-09-16,"Action, Adventure, Horror, Thriller",nervous,N,The Fight (From The Most Dangerous Game) (Reconstructed J Morgan),"Three consecutive segments of orchestral performances featuring brass, woodwinds, strings, and percussion."
BV,6,The Most Dangerous Game,1932-09-16,"Action, Adventure, Horror, Thriller",nervous,N,Escape - Finale (From The Most Dangerous Game) (Reconstructed J Morgan),An orchestral quartet performance transitions to string and woodwind pieces with percussion.
BW,0,49th Parallel,1941-10-08,"Drama, Thriller, War",nervous,Y,UNKNOWN,"A trumpet, trombone, and tuba trio transitions to a chamber quintet, ending with a jazz orchestra performance."
BX,0,Easy Virtue,1927-08-20,"Romance, Thriller",nervous,Y,UNKNOWN,"A tuba melody transitions to a trombone and cello piece, ending with a brass orchestra performance."
BY,0,Profondo rosso,1975-03-07,"Horror, Mystery, Thriller",nervous,N,1 Profondo Rosso,"A ukulele solo transitions to a banjo solo, ending with a folk song featuring strings and percussion."
BY,1,Profondo rosso,1975-03-07,"Horror, Mystery, Thriller",happy,N,10 Profondo Rosso (Jazz Source 1),"A jazz piece with male vocals, saxophone, and trumpet transitions to more jazz pieces with varying instrumentation."
BY,2,Profondo rosso,1975-03-07,"Horror, Mystery, Thriller",peaceful,N,7 Gianna,"A violin and cello piece transitions to a folk song with acoustic guitar and flute, ending with a harmonica solo."
BY,3,Profondo rosso,1975-03-07,"Horror, Mystery, Thriller",peaceful,N,23 Profondo Rosso (Jazz Source 2),"An instrumental with bass, piano, drums, and guitar transitions through jazz pieces with different instrumentation."
BY,4,Profondo rosso,1975-03-07,"Horror, Mystery, Thriller",peaceful,N,23 Profondo Rosso (Jazz Source 2),"A piano piece transitions to a jazz piece with tango influences, ending with a classical piece featuring cello, bass, piano, and brass."
BY,5,Profondo rosso,1975-03-07,"Horror, Mystery, Thriller",happy,N,36 Mad Puppet (Film Version),Three consecutive segments of alternating bass guitar performances and a drum solo.
BY,6,Profondo rosso,1975-03-07,"Horror, Mystery, Thriller",happy,Y,UNKNOWN,"a soundtrack of instrumental pieces featuring keyboard, drums, percussion, and didgeridoo."
BY,7,Profondo rosso,1975-03-07,"Horror, Mystery, Thriller",nervous,N,32 Death Dies (Film Version 3),A hip-hop piece with male vocals and percussion transitions to instrumental pieces with drums and bass.
BY,8,Profondo rosso,1975-03-07,"Horror, Mystery, Thriller",happy,N,24 Deep Shadows (Film Version),"A pop song with male vocals and full band transitions to an electric guitar piece, ending with a keyboard and percussion piece."
BY,9,Profondo rosso,1975-03-07,"Horror, Mystery, Thriller",happy,N,36 Mad Puppet (Film Version),Three consecutive segments of bass guitar performances.
BY,10,Profondo rosso,1975-03-07,"Horror, Mystery, Thriller",happy,N,21 Death Dies (Film Version),a soundtrack of drum performances featuring different percussion elements.
BY,11,Profondo rosso,1975-03-07,"Horror, Mystery, Thriller",nervous,Y,UNKNOWN,"A brass and string piece with drums transitions to a cello piece with percussion, ending with a trombone piece."
BY,12,Profondo rosso,1975-03-07,"Horror, Mystery, Thriller",peaceful,Y,UNKNOWN,A violin piece transitions to two consecutive segments of xylophone and rattles.
BZ,0,"Silent Night, Bloody Night",1972-11-17,"Horror, Mystery, Thriller",peaceful,Y,UNKNOWN,"A cello solo transitions to a classical trio with upright bass, ending with a chamber quintet featuring harp."
BZ,1,"Silent Night, Bloody Night",1972-11-17,"Horror, Mystery, Thriller",nervous,Y,UNKNOWN,Three consecutive segments of instrumental pieces featuring cello with varying accompaniments.
CA,0,Amanti d'oltretomba,1965-08-20,Horror,nervous,N,Ennio Morricone - Contrappunto tragico - Amanti DOltretomba (1965),"An orchestral piece with strings and woodwinds transitions to a trumpet piece with keyboard, ending with another orchestral piece."
CA,1,Amanti d'oltretomba,1965-08-20,Horror,peaceful,N,Ennio Morricone - Amanti doltretomba Pt 1 - Amanti DOltretomba (1965),"Piano pieces with cello transitions to a classical piece with piano, percussion, and brass."
CA,2,Amanti d'oltretomba,1965-08-20,Horror,nervous,Y,UNKNOWN,"A Tibetan singing bowl performance transitions through two segments, ending with a synthesizer piece."
CA,3,Amanti d'oltretomba,1965-08-20,Horror,peaceful,Y,UNKNOWN,A violin piece transitions to two consecutive segments of symphonic orchestra recordings.
CA,4,Amanti d'oltretomba,1965-08-20,Horror,peaceful,N,Ennio Morricone - Amanti doltretomba Pt 2 - Amanti DOltretomba (1965),"A piano and cello piece transitions to a harp and tuba piece, ending with string and woodwind melodies."
CA,5,Amanti d'oltretomba,1965-08-20,Horror,happy,N,Ennio Morricone - Amanti doltretomba Pt 1 - Amanti DOltretomba (1965),"A piano and cello piece transitions to a piano and violin piece, ending with a folk piano piece with double bass."
CA,6,Amanti d'oltretomba,1965-08-20,Horror,nervous,N,Ennio Morricone - Distesi - Amanti DOltretomba (1965),"Sound effects and bells transition to a harpsichord melody, ending with a solo violin piece."
CA,7,Amanti d'oltretomba,1965-08-20,Horror,nervous,Y,UNKNOWN,"A marimba piece transitions to a violin piece, ending with a horn performance."
CA,8,Amanti d'oltretomba,1965-08-20,Horror,nervous,N,Ennio Morricone - Distesi - Amanti DOltretomba (1965),"A flute melody with nature sounds transitions to a tuba-led orchestra piece, ending with harpsichord and flute."
CA,9,Amanti d'oltretomba,1965-08-20,Horror,nervous,N,Ennio Morricone - Per organo e ottoni - Amanti DOltretomba (1965),A violin piece transitions through two segments of synthesizer performances.
CB,0,Road to Bali,1952-11-19,"Adventure, Comedy, Fantasy, Musical",nervous,Y,UNKNOWN,"An orchestral piece with strings and percussion transitions to a flute melody, ending with a chamber quintet."
CC,0,Rain,1932-10-12,Drama,happy,Y,UNKNOWN,A rock trio performance transitions to brass pieces featuring trumpet and tuba.
CD,0,Young and Innocent,1937-02-17,"Crime, Mystery, Romance, Thriller",peaceful,Y,UNKNOWN,"A horn solo transitions to a harp and cello duo, ending with another horn solo."
CE,0,Laser Mission,1989-11-30,"Action, Adventure, Thriller",happy,N,David Knopfler Mercenary Man (Laser Mission) [Restored & Remastered by Gilles Nuytens] UNRELEASED,An instrumental with keyboard and percussion transitions to pop songs with vocals and full band arrangements.
CE,1,Laser Mission,1989-11-30,"Action, Adventure, Thriller",happy,N,David Knopfler Mercenary Man (Laser Mission) [Restored & Remastered by Gilles Nuytens] UNRELEASED,A didgeridoo piece with vocals transitions to pop songs featuring female vocals and full band arrangements.
CE,2,Laser Mission,1989-11-30,"Action, Adventure, Thriller",happy,Y,UNKNOWN,"A harpsichord piece transitions to a hip-hop song with male vocals, ending with a gospel choir performance."
CE,3,Laser Mission,1989-11-30,"Action, Adventure, Thriller",happy,N,David Knopfler Mercenary Man (Laser Mission) [Restored & Remastered by Gilles Nuytens] UNRELEASED,Pop songs featuring male and female vocals with full band arrangements.
CF,0,Der Fuehrer's Face,1943-01-01,"Animation, Short, Comedy, Family, War",happy,Y,UNKNOWN,"A symphonic orchestra piece transitions to a saxophone quartet, ending with an electric guitar piece."
CG,0,Rich and Strange,1931-12-10,"Comedy, Drama, Romance",nervous,Y,UNKNOWN,A didgeridoo piece transitions to two consecutive segments of bagpipe performances.
CH,0,Popeye the Sailor Meets Sinbad the Sailor,1936-11-27,"Animation, Short, Adventure, Comedy, Family, Fantasy, Musical",happy,Y,UNKNOWN,An orchestral piece with reed instruments transitions to jazz pieces featuring trumpet and tuba.
CH,1,Popeye the Sailor Meets Sinbad the Sailor,1936-11-27,"Animation, Short, Adventure, Comedy, Family, Fantasy, Musical",happy,Y,UNKNOWN,"A blues piece with harmonica transitions to another piece with harmonica, piano, and violin, ending with male vocals."
CH,2,Popeye the Sailor Meets Sinbad the Sailor,1936-11-27,"Animation, Short, Adventure, Comedy, Family, Fantasy, Musical",happy,Y,UNKNOWN,"A harp melody transitions to a hip-hop piece with percussion, ending with DJ scratching and beats."
CI,0,Sintel,2010-09-27,"Animation, Short, Adventure, Drama, Fantasy",peaceful,N,I Move On (Sintels Song)  Official Music Video,"A folk piece with harp transitions to a cello and piano piece, ending with a rock cover featuring strings."
CJ,0,Blood on the Sun,1945-05-02,"Drama, Romance, Thriller, War",happy,N,Main Title,"A symphonic piece with brass and strings transitions to a hard rock piece with female vocals, ending with an orchestral piece."
CJ,1,Blood on the Sun,1945-05-02,"Drama, Romance, Thriller, War",peaceful,Y,UNKNOWN,a soundtrack transitioning from violin to electric guitar pieces with varying arrangements.
CJ,2,Blood on the Sun,1945-05-02,"Drama, Romance, Thriller, War",nervous,N,Prelude to Death  Hara-Kiri,Two segments of orchestral pieces with strings and horn transition to a movie soundtrack with brass and timpani.
CJ,3,Blood on the Sun,1945-05-02,"Drama, Romance, Thriller, War",happy,N,Tea Room Waltz,Three consecutive segments of orchestral pieces featuring strings and horn.
CJ,4,Blood on the Sun,1945-05-02,"Drama, Romance, Thriller, War",peaceful,Y,UNKNOWN,a soundtrack of instrumental pieces featuring electric guitar with varying arrangements.
CJ,5,Blood on the Sun,1945-05-02,"Drama, Romance, Thriller, War",happy,Y,UNKNOWN,"A symphonic orchestra piece transitions to a classical piece with tuba and drums, ending with an electric guitar piece."
CJ,6,Blood on the Sun,1945-05-02,"Drama, Romance, Thriller, War",nervous,Y,UNKNOWN,A symphonic orchestra recording transitions to electric guitar pieces with varying arrangements.
CK,0,The Dance of Life,1929-08-16,"Drama, Romance",happy,Y,UNKNOWN,"A folk piece with trombone transitions to a saxophone quartet, ending with an orchestral piece featuring french horn."
CK,1,The Dance of Life,1929-08-16,"Drama, Romance",peaceful,Y,UNKNOWN,"A keyboard piece transitions to a marimba trio, ending with a trombone piece."
CK,2,The Dance of Life,1929-08-16,"Drama, Romance",peaceful,Y,UNKNOWN,"A string piece transitions to a tuba piece, ending with a xylophone piece with choir."
CL,0,Dixiana,1930-07-22,"Comedy, Drama, Music, Musical, Romance",happy,N,Bebe Daniels & Everett Marshall - A Tear A Kiss A Smile (movie soundtrack recording 1930),A male vocal with accordion transitions to female vocal performances with orchestral accompaniment.
CL,1,Dixiana,1930-07-22,"Comedy, Drama, Music, Musical, Romance",happy,Y,UNKNOWN,A classical piece with electric guitar and cello transitions to rock pieces with varying instrumentation.
CL,2,Dixiana,1930-07-22,"Comedy, Drama, Music, Musical, Romance",happy,Y,UNKNOWN,An electric guitar piece with percussion transitions to two segments of female vocals with piano.
CM,0,Babes in Toyland,1934-11-09,"Comedy, Family, Fantasy, Musical",happy,Y,UNKNOWN,a soundtrack of a pop music cover featuring male vocals and electric guitar.
CN,0,"Swing High, Swing Low",1937-03-12,"Comedy, Drama, Musical, Romance",happy,Y,UNKNOWN,"A brass ensemble piece transitions to a rock piece with male vocals, ending with a piano piece."
CN,1,"Swing High, Swing Low",1937-03-12,"Comedy, Drama, Musical, Romance",happy,Y,UNKNOWN,"A french horn piece with piano transitions to a trombone piece, ending with a cello performance."
CN,2,"Swing High, Swing Low",1937-03-12,"Comedy, Drama, Musical, Romance",happy,Y,UNKNOWN,"A classical brass piece transitions to another brass orchestra piece, ending with a synthesizer piece."
CN,3,"Swing High, Swing Low",1937-03-12,"Comedy, Drama, Musical, Romance",happy,Y,UNKNOWN,"A french horn piece with piano transitions to another french horn piece with tuba, ending with male vocals."
CO,0,Prelude to War,1942-05-13,"Documentary, War",happy,N,Defiliermarsch (Carl Faust),"A marching drum and brass piece transitions to a harpsichord piece with percussion, ending with a rock song."
CP,0,The Battle of Russia,1943-11-11,"Documentary, History, War",happy,N,Tchaikovsky - 1812 Overture (Full with Cannons),A brass composition transitions to two segments of classical orchestra pieces featuring strings.
CP,1,The Battle of Russia,1943-11-11,"Documentary, History, War",happy,N,Tchaikovsky - 1812 Overture (Full with Cannons),A brass composition transitions to classical orchestra pieces featuring strings with varying arrangements.
CP,2,The Battle of Russia,1943-11-11,"Documentary, History, War",nervous,Y,UNKNOWN,"A trombone piece transitions to a brass orchestra piece, ending with a rock cover featuring trombone."
CQ,0,The Battle of China,2005-04-06,"Documentary, History, War",happy,Y,UNKNOWN,Brass orchestra pieces with varying instrumentation transition to a rock cover with multiple wind instruments.
CR,0,War Comes to America,1945-06-14,"Documentary, War",happy,Y,UNKNOWN,Three consecutive segments of symphonic orchestra recordings.
CR,1,War Comes to America,1945-06-14,"Documentary, War",nervous,Y,UNKNOWN,A cello piece transitions to two segments of rock covers featuring brass and rhythm section.
CS,0,The Second Woman,1950-07-07,"Drama, Film-Noir, Mystery, Romance",happy,Y,UNKNOWN,a soundtrack of classical brass orchestra pieces with varying accompaniments.
CT,0,The Great Flamarion,1945-01-13,"Crime, Drama, Film-Noir, Mystery, Romance, Thriller",happy,Y,UNKNOWN,"A marimba and tuba piece transitions to another marimba piece, ending with a classical piece featuring strings."
CT,1,The Great Flamarion,1945-01-13,"Crime, Drama, Film-Noir, Mystery, Romance, Thriller",happy,Y,UNKNOWN,A xylophone solo transitions to orchestral pieces featuring brass and strings.
CU,0,Dick Tracy,1945-12-01,"Action, Crime, Family, Mystery, Thriller",nervous,Y,UNKNOWN,a soundtrack of symphonic orchestra recordings with varying arrangements.
CV,0,High Risk,1981-05-31,"Action, Comedy, Crime",sad,Y,UNKNOWN,"A classical orchestra piece transitions to a brass orchestra piece, ending with a rock cover featuring winds."
CV,1,High Risk,1981-05-31,"Action, Comedy, Crime",happy,N,The Rolling Stones - (I Cant Get No) Satisfaction (Official Lyric Video),a soundtrack of a rock song featuring male and female vocals with full band arrangement.
CW,0,Nancy Drew... Reporter,1939-02-18,"Comedy, Crime, Family, Mystery",happy,N,Something Tells Me,"A jazz piece with saxophone transitions to a blues piece with harmonica, ending with a swing jazz piece."
CW,1,Nancy Drew... Reporter,1939-02-18,"Comedy, Crime, Family, Mystery",happy,Y,UNKNOWN,a soundtrack of classical pieces featuring male vocals and strings with varying arrangements.
CX,0,The Klansman,1974-10-25,"Crime, Drama, Thriller",happy,N,The Staple Singers - The Good Christian People,"Two segments of electric guitar transitions to a piece with drums, accordion, and flute."
CX,1,The Klansman,1974-10-25,"Crime, Drama, Thriller",nervous,Y,UNKNOWN,"A harmonica solo transitions to a flute piece, ending with a bagpipe performance."
CY,0,Scrooge,1935-11-26,"Drama, Family, Fantasy",happy,Y,UNKNOWN,"A harmonica piece transitions to two segments of classical pieces with woodwinds, strings, and bass."
CY,1,Scrooge,1935-11-26,"Drama, Family, Fantasy",happy,Y,UNKNOWN,a soundtrack featuring female vocal quartet performances with string and accordion accompaniment.
CY,2,Scrooge,1935-11-26,"Drama, Family, Fantasy",peaceful,N,Charles Wesley  Mendelssohn  Hark! the herald angels sing,"A xylophone piece transitions to a brass composition, ending with an operatic piece with piano."
CY,3,Scrooge,1935-11-26,"Drama, Family, Fantasy",happy,Y,UNKNOWN,"a soundtrack of symphonic pieces featuring trumpet, violin, and brass section."
CZ,0,The Ape,1940-09-30,Horror,happy,N,Juventino Rosas - Sobre Las Olas (Over The Waves),"A chamber trio transitions to a symphonic piece with trumpet and tuba, ending with an orchestral piece."
CZ,1,The Ape,1940-09-30,Horror,nervous,Y,UNKNOWN,A symphonic orchestra recording transitions to two segments featuring male vocals with percussion.
CZ,2,The Ape,1940-09-30,Horror,happy,N,Juventino Rosas - Sobre Las Olas (Over The Waves),A classical trio with upright bass transitions to orchestral pieces with varying arrangements.
CZ,3,The Ape,1940-09-30,Horror,nervous,Y,UNKNOWN,"A violin and piano piece transitions to an electric guitar piece, ending with a cello and tuba duet."
DA,0,Dementia,1955-12-22,"Film-Noir, Horror, Mystery",happy,N,Shorty Rogers and His Giants perform Wig Alley,a soundtrack of classical pieces featuring tuba with varying arrangements.
DB,0,Beneath the 12-Mile Reef,1953-12-02,"Adventure, Drama",peaceful,Y,UNKNOWN,"A violin piece with keyboard transitions to a harpsichord and marimba piece, ending with a symphonic orchestra recording."
DB,1,Beneath the 12-Mile Reef,1953-12-02,"Adventure, Drama",nervous,Y,UNKNOWN,"A cello piece transitions to a marimba piece with winds, ending with another cello piece."
DB,2,Beneath the 12-Mile Reef,1953-12-02,"Adventure, Drama",peaceful,Y,UNKNOWN,"A brass composition transitions to a horn solo, ending with a harp quintet featuring tuba."
DB,3,Beneath the 12-Mile Reef,1953-12-02,"Adventure, Drama",peaceful,Y,UNKNOWN,"A xylophone piece transitions to a classical trio, ending with a drone-based instrumental."
DC,0,Only the Valiant,1951-04-11,"Drama, Western",nervous,Y,UNKNOWN,"An orchestral piece with brass transitions to a symphonic orchestra recording, ending with another orchestral piece."
DD,0,The Perils of Pauline,1947-06-20,"Drama, Romance",happy,Y,UNKNOWN,Three consecutive segments of male vocals over rock music backgrounds.
DE,0,Judge Priest,1934-09-15,"Comedy, Drama, Romance",peaceful,Y,UNKNOWN,a soundtrack of flute performances featuring varying arrangements.
DF,0,Why Change Your Wife?,1920-02-29,"Comedy, Drama",happy,Y,UNKNOWN,"A piano piece with bass transitions to a brass composition, ending with an orchestral quintet."
DF,1,Why Change Your Wife?,1920-02-29,"Comedy, Drama",nervous,Y,UNKNOWN,"Three consecutive segments of classical trio performances with violin, cello, and piano."
DG,0,Cottage to Let,1941-08-10,"Comedy, Mystery, Thriller, War",peaceful,Y,UNKNOWN,"A Tibetan singing bowl with tuba transitions to a marimba and tuba piece, ending with a solo marimba."
DH,0,The North Star,1943-11-04,"Drama, Romance, War",happy,Y,UNKNOWN,"An electric guitar piece transitions to a piece with accordion, double bass, and clarinet, ending with an orchestral piece."
DH,1,The North Star,1943-11-04,"Drama, Romance, War",happy,N,The North Star (Suite)  V Song Of The Guerrillas,"A cello piece transitions to a piece with bells and strings, ending with male vocals and strings."
DI,0,The Sin of Harold Diddlebock,1947-02-18,Comedy,happy,Y,UNKNOWN,"a soundtrack of orchestral pieces featuring french horns, violins, tubas, and brass section."
DI,1,The Sin of Harold Diddlebock,1947-02-18,Comedy,peaceful,Y,UNKNOWN,"A bell melody transitions to a female vocal with tuba, ending with a didgeridoo piece."
DJ,0,Man in the Attic,1953-12-27,"Mystery, Thriller",peaceful,Y,UNKNOWN,"A cello piece transitions to a symphonic orchestra recording, ending with another cello piece."
DJ,1,Man in the Attic,1953-12-27,"Mystery, Thriller",happy,Y,UNKNOWN,"A classical piece with harmonica, bass, and brass transitions to pieces featuring strings and woodwinds."
DK,0,The Fast and the Furious,1954-11-30,"Crime, Drama, Film-Noir, Mystery, Romance, Thriller",nervous,Y,UNKNOWN,"Church bells transition to a symphonic orchestra piece, ending with a brass section piece."
DK,1,The Fast and the Furious,1954-11-30,"Crime, Drama, Film-Noir, Mystery, Romance, Thriller",nervous,Y,UNKNOWN,"a soundtrack of classical pieces featuring strings, brass, and woodwinds."
DL,0,The Cat's-Paw,1934-07-30,Comedy,happy,Y,UNKNOWN,A trombone and brass piece transitions to two segments of classical tango featuring four saxophones.
DL,1,The Cat's-Paw,1934-07-30,Comedy,nervous,Y,UNKNOWN,"A vocal piece with electric guitar transitions to a horn solo, ending with a classical trio."
DM,0,Asphalt,1929-03-12,"Crime, Drama, Romance",sad,Y,UNKNOWN,"A symphonic orchestra recording transitions to orchestral pieces featuring brass, woodwinds, and strings."
DN,0,Three Came Home,1950-02-20,"Drama, War",sad,Y,UNKNOWN,"An electronic keyboard piece transitions to a brass orchestra piece, ending with an orchestral piece with woodwinds and strings."
DO,0,Johnny O'Clock,1947-01-21,"Crime, Drama, Film-Noir, Thriller",happy,Y,UNKNOWN,"a soundtrack of classical pieces featuring brass, woodwinds, strings, and flute."
DO,1,Johnny O'Clock,1947-01-21,"Crime, Drama, Film-Noir, Thriller",nervous,Y,UNKNOWN,"A woodwind and brass piece transitions to a brass orchestra march, ending with an orchestral piece."
DO,2,Johnny O'Clock,1947-01-21,"Crime, Drama, Film-Noir, Thriller",peaceful,Y,UNKNOWN,"A marimba solo transitions to another marimba piece, ending with a brass orchestra march."
DO,3,Johnny O'Clock,1947-01-21,"Crime, Drama, Film-Noir, Thriller",peaceful,Y,UNKNOWN,"A marimba piece with trombone and tuba transitions to a trombone quintet, ending with a symphonic orchestra."
DP,0,Smash-Up: The Story of a Woman,1947-03-11,"Comedy, Crime, Drama, Film-Noir, Music, Mystery, Romance",happy,Y,UNKNOWN,"A jazz orchestra piece transitions to a rock song with male vocals, ending with another orchestral piece."
DP,1,Smash-Up: The Story of a Woman,1947-03-11,"Comedy, Crime, Drama, Film-Noir, Music, Mystery, Romance",peaceful,Y,UNKNOWN,"A brass section piece transitions to a gospel piece with male vocals, ending with a classical piece featuring vocals and strings."
DQ,0,Captain Kidd,1945-11-22,"Adventure, Biography, Drama, History",nervous,N,Mendelssohn Overture The Hebrides  Sir John Eliot Gardiner,"A brass composition transitions to an orchestral piece with french horns, ending with a classical trio."
DQ,1,Captain Kidd,1945-11-22,"Adventure, Biography, Drama, History",nervous,N,Mendelssohn Overture The Hebrides  Sir John Eliot Gardiner,"A brass composition transitions to a classical trio, ending with a piece featuring violin, cello, and tuba."
DR,0,Bluebeard,1944-10-26,"Crime, Horror, Thriller",happy,Y,UNKNOWN,"a soundtrack of orchestral pieces featuring violin, cello, and bells."
DR,1,Bluebeard,1944-10-26,"Crime, Horror, Thriller",nervous,Y,UNKNOWN,A chamber quintet transitions to two segments of orchestral music.
DS,0,The Way Ahead,1944-06-06,"Drama, War",nervous,Y,UNKNOWN,"A xylophone piece transitions to DJ scratching with bells, ending with a blues song."
DT,0,Ghosts on the Loose,1943-07-30,Comedy,nervous,Y,UNKNOWN,"A violin and cello piece transitions to a tuba piece, ending with an electronic keyboard piece."
DU,0,The Divorce of Lady X,1938-01-13,"Comedy, Drama, Romance",peaceful,Y,UNKNOWN,"A horn piece transitions to a symphonic orchestra recording, ending with an orchestral piece."
DV,0,We Dive at Dawn,1943-04-15,"Action, Drama, War",happy,Y,UNKNOWN,"A horn piece with strings transitions to an orchestral piece, ending with another orchestral piece."
DW,0,The First of the Few,1942-08-20,"Adventure, Biography, Drama, War",happy,Y,UNKNOWN,A brass section piece transitions to orchestral pieces with varying arrangements.
DX,0,King Solomon's Mines,1937-06-17,"Action, Adventure, Family, Musical, Romance",peaceful,Y,UNKNOWN,A classical piece with strings transitions to two segments of classical trio performances.
DY,0,Indiscreet,1931-04-25,"Comedy, Musical, Romance",happy,Y,UNKNOWN,A cello piece transitions to brass orchestra pieces with varying arrangements.
DZ,0,Rescue from Gilligan's Island,1978-10-14,Comedy,happy,N,Clip - The Ballad of Gilligans Island Gilligans Island opening and closing credits _0001_xvidavi,a soundtrack of rock songs featuring male vocals with different accompaniments.
EA,0,Beyond Tomorrow,1940-05-10,"Drama, Fantasy, Romance",peaceful,Y,UNKNOWN,Three consecutive segments of symphonic orchestra recordings.
EA,1,Beyond Tomorrow,1940-05-10,"Drama, Fantasy, Romance",peaceful,Y,UNKNOWN,a soundtrack of keyboard and synthesizer pieces with varying arrangements.
EB,0,This Is the Army,1943-07-29,Musical,happy,Y,UNKNOWN,a soundtrack of classical pieces featuring male vocals with piano and percussion.
EC,0,Minnie the Moocher,1932-03-11,"Animation, Short, Comedy, Horror, Music, Musical",happy,Y,UNKNOWN,"A male vocal with piano transitions to acoustic guitar, ending with an orchestral piece."
ED,0,A Corny Concerto,1943-09-25,"Animation, Short, Adventure, Comedy, Family, Music",happy,Y,UNKNOWN,"A symphonic piece transitions to a violin and cello piece, ending with a classical trio."
EE,0,Daffy - The Commando,1943-11-20,"Animation, Short, Comedy, Family, War",happy,Y,UNKNOWN,A wind orchestra piece transitions to trombone and flute pieces with varying arrangements.
EF,0,Dick Tracy,1937-02-20,"Action, Comedy, Crime, Family, Thriller",nervous,Y,UNKNOWN,"Three consecutive segments of orchestral pieces featuring french horns, trombones, and tubas."
EG,0,Eternally Yours,1939-10-07,"Comedy, Drama, Romance",happy,N,Eternally Yours 1939 Movie Theme Song,A Samoan folk piece with choir transitions to gospel pieces featuring vocal arrangements.
EH,0,Falling Hare,1943-10-30,"Animation, Short, Adventure, Comedy, Family, Horror, War",nervous,Y,UNKNOWN,A violin piece transitions to orchestral pieces featuring brass and woodwinds.
EI,0,Have You Got Any Castles?,1938-06-25,"Family, Musical, Animation, Short, Comedy",happy,Y,UNKNOWN,"A jazz piece with brass transitions to a violin piece, ending with a tango piece."
EJ,0,The Prince and the Pauper,1937-04-30,"Adventure, Drama, Family, Fantasy",happy,Y,UNKNOWN,a soundtrack of symphonic and orchestral pieces with varying arrangements.
EK,0,Scrub Me Mama with a Boogie Beat,1941-03-28,"Animation, Short, Comedy, Musical",happy,Y,UNKNOWN,a soundtrack featuring female vocals with different instrumental accompaniments.
EL,0,Snow White and the Seven Dwarfs,1937-12-21,"Animation, Adventure, Family, Fantasy, Musical, Romance",nervous,Y,UNKNOWN,A timpani and marimba piece transitions to two segments of symphonic orchestra.
EM,0,Hamateur Night,1939-01-28,"Animation, Short, Adventure, Comedy, Family",happy,Y,UNKNOWN,"A trumpet piece with cymbals transitions to a pop song, ending with a chamber quintet."
EN,0,Coming!! Snafu,1943-06-30,"Animation, Short",happy,Y,UNKNOWN,"A classical piece with strings transitions to clarinet pieces, ending with a trombone piece."
EO,0,Glen or Glenda,1953-04-30,Drama,peaceful,Y,UNKNOWN,Three consecutive segments featuring theremin and horn performances.
EP,0,"We, the Animals - Squeak!",1941-08-09,"Animation, Short, Comedy, Family, Talk-Show",happy,Y,UNKNOWN,"A flamenco piece transitions to a harmonica solo, ending with a symphonic orchestra recording."
EQ,0,You're Too Careless with Your Kisses!,1932-09-10,"Animation, Short, Comedy, Family, Musical",happy,Y,UNKNOWN,"A trombone piece transitions to an instrumental with keyboard, ending with a folk song."
ER,0,Porky's Railroad,1937-08-07,"Animation, Family, Short, Comedy",happy,Y,UNKNOWN,"A classical piece with brass and accordion transitions to a Ugandan traditional piece, ending with bagpipes."
ES,0,Poor Cinderella,1934-08-03,"Animation, Short, Comedy, Fantasy, Musical",happy,Y,UNKNOWN,"A horn duet transitions to a brass piece, ending with a contemporary piece featuring female vocals."
ET,0,The Old Man of the Mountain,1933-08-04,"Animation, Short, Adventure, Comedy, Music",happy,Y,UNKNOWN,"a soundtrack featuring woodwinds, strings, male vocals, and piano."
EU,0,Santa Claus,1959-11-24,"Comedy, Family, Fantasy, Horror",happy,Y,UNKNOWN,"A flute piece with nature sounds transitions to a jazz tango piece, ending with a piano piece."
EU,1,Santa Claus,1959-11-24,"Comedy, Family, Fantasy, Horror",happy,Y,UNKNOWN,a soundtrack transitioning from flute to clarinet to electric guitar.
EU,2,Santa Claus,1959-11-24,"Comedy, Family, Fantasy, Horror",peaceful,Y,UNKNOWN,"An electric guitar piece transitions to a cello piece, ending with a piano and cello performance."
EV,0,The Vampire Bat,1933-01-10,"Drama, Horror, Mystery, Romance, Sci-Fi",nervous,Y,UNKNOWN,"a soundtrack of classical pieces featuring brass, strings, and percussion."
EW,0,Little Lord Fauntleroy,1936-03-04,"Drama, Family",peaceful,Y,UNKNOWN,A piano piece transitions to segments featuring harmonica and female vocals.
EW,1,Little Lord Fauntleroy,1936-03-04,"Drama, Family",peaceful,Y,UNKNOWN,"A brass composition transitions to a cello piece, ending with a horn piece."
EW,2,Little Lord Fauntleroy,1936-03-04,"Drama, Family",peaceful,Y,UNKNOWN,A marimba piece transitions to classical pieces featuring strings and brass.
EW,3,Little Lord Fauntleroy,1936-03-04,"Drama, Family",peaceful,Y,UNKNOWN,A cello piece with piano transitions to orchestral pieces featuring strings and harp.
EW,4,Little Lord Fauntleroy,1936-03-04,"Drama, Family",happy,Y,UNKNOWN,"A cello piece transitions to a chamber quintet, ending with strings and male vocals."
EX,0,Second Chorus,1940-12-03,"Comedy, Musical, Romance",peaceful,Y,UNKNOWN,"A harp piece transitions to a tuba piece, ending with an orchestral marimba piece."
EX,1,Second Chorus,1940-12-03,"Comedy, Musical, Romance",peaceful,Y,UNKNOWN,"A cello piece transitions to another cello piece, ending with a horn solo."
EY,0,Royal Wedding,1951-03-08,"Comedy, Musical, Romance",happy,Y,UNKNOWN,"A harmonica piece transitions to harpsichord, ending with a zitar performance."
EZ,0,Great Expectations,1946-12-16,"Adventure, Drama, Mystery, Romance",happy,Y,UNKNOWN,"A synthesizer piece transitions to a string piece, ending with a violin ensemble."
EZ,1,Great Expectations,1946-12-16,"Adventure, Drama, Mystery, Romance",nervous,Y,UNKNOWN,a soundtrack transitioning from electronic keyboard to brass to violin with synthesizer.
EZ,2,Great Expectations,1946-12-16,"Adventure, Drama, Mystery, Romance",peaceful,Y,UNKNOWN,"A brass composition transitions to a marimba piece with winds, ending with another marimba piece."
FA,0,In Which We Serve,1942-09-17,"Drama, War",happy,Y,UNKNOWN,"a soundtrack of orchestral pieces featuring horn, strings, and woodwinds."
FB,0,The Big Lift,1950-04-26,"Drama, War",happy,Y,UNKNOWN,A rock cover with brass transitions to jazz pieces with varying instrumentation.
FC,0,Angel and the Badman,1947-02-05,"Drama, Romance, Western",nervous,Y,UNKNOWN,"a soundtrack featuring chamber music with varying arrangements of harp, flute, strings, and winds."
FD,0,The Snows of Kilimanjaro,1952-09-17,"Adventure, Drama, Romance, War",happy,Y,UNKNOWN,A folk harmonica piece transitions to jazz pieces featuring saxophone.
FD,1,The Snows of Kilimanjaro,1952-09-17,"Adventure, Drama, Romance, War",peaceful,N,The Snows of Kilimanjaro The River (Arr J Morgan),a soundtrack transitioning from synthesizer to electronic keyboard to marimba with french horn.
FD,2,The Snows of Kilimanjaro,1952-09-17,"Adventure, Drama, Romance, War",nervous,N,The Snows of Kilimanjaro Witch Doctor (Arr J Morgan),A choral piece with brass transitions to orchestral pieces featuring strings and brass.
FD,3,The Snows of Kilimanjaro,1952-09-17,"Adventure, Drama, Romance, War",happy,N,The Snows of Kilimanjaro Finale (Arr J Morgan),A French horn solo with orchestra transitions to a symphonic piece with strings and brass.
FE,0,McLintock!,1963-11-13,"Comedy, Western",happy,Y,UNKNOWN,"A brass piece transitions to another brass orchestra piece, ending with a rock song."
FE,1,McLintock!,1963-11-13,"Comedy, Western",happy,Y,UNKNOWN,a soundtrack of orchestral and electronic pieces with varying arrangements.
FE,2,McLintock!,1963-11-13,"Comedy, Western",nervous,Y,UNKNOWN,"A classical piece with flute, viola, and cello transitions to electric guitar, ending with symphonic orchestra."
FE,3,McLintock!,1963-11-13,"Comedy, Western",happy,Y,UNKNOWN,Three consecutive segments of symphonic orchestra recordings.
FF,0,The Big Trees,1952-02-05,"Drama, Western",peaceful,Y,UNKNOWN,"An orchestral piece with electric guitar transitions to violin, ending with a synthesizer piece."
FF,1,The Big Trees,1952-02-05,"Drama, Western",nervous,Y,UNKNOWN,"A rock song transitions to an electric guitar piece, ending with a marimba performance."
FG,0,Dementia 13,1963-08-07,"Horror, Thriller",nervous,Y,UNKNOWN,a soundtrack featuring electronic drones and electric guitar.
FH,0,Fukkatsu no hi,1980-05-31,"Adventure, Drama, Horror, Sci-Fi, Thriller",nervous,Y,UNKNOWN,a soundtrack transitioning from cello to synthesizer arrangements.
FH,1,Fukkatsu no hi,1980-05-31,"Adventure, Drama, Horror, Sci-Fi, Thriller",sad,Y,UNKNOWN,"A horn piece transitions to strings, ending with a marimba and tuba piece."
FH,2,Fukkatsu no hi,1980-05-31,"Adventure, Drama, Horror, Sci-Fi, Thriller",nervous,N,Cloud To Paradise,"A classical piece with strings transitions to harpsichord, ending with a cello piece."
FH,3,Fukkatsu no hi,1980-05-31,"Adventure, Drama, Horror, Sci-Fi, Thriller",sad,Y,UNKNOWN,Two segments of symphonic orchestra transition to a piece with strings and marimba.
FI,0,Home,2009-06-03,"Documentary, Family",peaceful,N,Home - O (Soundtrack  Armand Amar),A harp piece transitions to Italian classical pieces featuring piano and strings.
FI,1,Home,2009-06-03,"Documentary, Family",peaceful,N,Home - Take the Earth (Soundtrack  Armand Amar),"A string section piece transitions to cinematic strings, ending with synthesizer and bells."
FI,2,Home,2009-06-03,"Documentary, Family",nervous,Y,UNKNOWN,a soundtrack featuring resonating bowl and didgeridoo performances.
FI,3,Home,2009-06-03,"Documentary, Family",happy,N,Home - Feed Lots (Soundtrack  Armand Amar),"a soundtrack featuring didgeridoo, upright bass, and percussion."
FI,4,Home,2009-06-03,"Documentary, Family",nervous,N,Home - Overproduction (Soundtrack  Armand Amar),a soundtrack of jazz and orchestral pieces with varying instrumentation.
FI,5,Home,2009-06-03,"Documentary, Family",nervous,N,Home - Dubaï (Soundtrack  Armand Amar),a soundtrack featuring didgeridoo with different arrangements.
FI,6,Home,2009-06-03,"Documentary, Family",nervous,N,Home - Faster and Faster (Soundtrack  Armand Amar),a soundtrack transitioning from didgeridoo to upright bass to orchestral arrangements.
FI,7,Home,2009-06-03,"Documentary, Family",sad,N,Home - The Dead Seas (Soundtrack  Armand Amar),"a soundtrack featuring cello, strings, and piano in varying combinations."
FI,8,Home,2009-06-03,"Documentary, Family",sad,N,Home - The Desert (Soundtrack  Armand Amar),a soundtrack of instrumental pieces featuring cello with different accompaniments.
FI,9,Home,2009-06-03,"Documentary, Family",nervous,Y,UNKNOWN,a soundtrack transitioning from didgeridoo to resonating bowl to another didgeridoo piece.
FI,10,Home,2009-06-03,"Documentary, Family",peaceful,N,Home - Home Part II (Soundtrack  Armand Amar),A double bass piece transitions to orchestral pieces featuring strings.
FI,11,Home,2009-06-03,"Documentary, Family",nervous,N,Home - Home Part III (Soundtrack  Armand Amar),"A keyboard piece transitions to upright bass, ending with acoustic guitar."
FI,12,Home,2009-06-03,"Documentary, Family",peaceful,N,Home - Life I (Soundtrack  Armand Amar),Three consecutive segments of acoustic guitar melodies.
FI,13,Home,2009-06-03,"Documentary, Family",peaceful,N,Home - Whales (Soundtrack  Armand Amar),A horn piece with bird sounds transitions to female opera with orchestra for the first 20 seconds.
FJ,0,Invasion of the Bee Girls,1973-06-20,"Horror, Sci-Fi",nervous,Y,UNKNOWN,"A synthesizer piece transitions to violin with synthesizer, ending with a symphonic orchestra recording."
FK,0,Carnival of Souls,1962-09-26,"Horror, Mystery",nervous,Y,UNKNOWN,"A flute and keyboard piece transitions to recorder with strings, ending with a horn solo."
FL,0,"20,000 Leagues Under the Sea",1954-06-29,"Adventure, Drama, Family, Fantasy, Sci-Fi",happy,N,Main Title (Captain Nemos Theme),"a soundtrack of string section pieces featuring tuba, timpani, woodwinds, and marimba."
FL,1,"20,000 Leagues Under the Sea",1954-06-29,"Adventure, Drama, Family, Fantasy, Sci-Fi",peaceful,N,Aboard the Abraham LincolnHunting the Monster,"a soundtrack of orchestral pieces featuring brass, strings, and various instrumental combinations."
FL,2,"20,000 Leagues Under the Sea",1954-06-29,"Adventure, Drama, Family, Fantasy, Sci-Fi",nervous,N,The Monster Attacks,"A classical piece with strings transitions to another with cymbals and brass, ending with an accordion piece."
FL,3,"20,000 Leagues Under the Sea",1954-06-29,"Adventure, Drama, Family, Fantasy, Sci-Fi",nervous,N,Deserted SubBurialCaptured,"A cello piece transitions to classical pieces featuring strings, brass, and woodwinds."
FL,4,"20,000 Leagues Under the Sea",1954-06-29,"Adventure, Drama, Family, Fantasy, Sci-Fi",nervous,N,Fifty FathomsThe Island of Crespo,Three consecutive segments of instrumental pieces featuring violin and cello.
FL,5,"20,000 Leagues Under the Sea",1954-06-29,"Adventure, Drama, Family, Fantasy, Sci-Fi",nervous,N,Storm at SeaNemo Plays,"A harpsichord piece transitions to an orchestral piece, ending with a trumpet and xylophone piece."
FL,6,"20,000 Leagues Under the Sea",1954-06-29,"Adventure, Drama, Family, Fantasy, Sci-Fi",nervous,N,Strange Man of the Seas,A horn solo with strings and woodwinds transitions to orchestral pieces with brass and strings.
FL,7,"20,000 Leagues Under the Sea",1954-06-29,"Adventure, Drama, Family, Fantasy, Sci-Fi",nervous,N,Nemos Torment,"A brass and trombone piece transitions to orchestral pieces with strings, woodwinds, cello, piano, and timpani."
FL,8,"20,000 Leagues Under the Sea",1954-06-29,"Adventure, Drama, Family, Fantasy, Sci-Fi",nervous,Y,UNKNOWN,"A harp quintet transitions to a cembalo piece, ending with a solo cello performance."
FL,9,"20,000 Leagues Under the Sea",1954-06-29,"Adventure, Drama, Family, Fantasy, Sci-Fi",peaceful,N,Ashore at New Guinea,"A symphonic orchestra recording transitions to a string section piece, ending with strings and brass."
FL,10,"20,000 Leagues Under the Sea",1954-06-29,"Adventure, Drama, Family, Fantasy, Sci-Fi",nervous,N,Submerge,"A violin and cello piece transitions to a brass quintet with piano, ending with a cello and piano piece."
FL,11,"20,000 Leagues Under the Sea",1954-06-29,"Adventure, Drama, Family, Fantasy, Sci-Fi",nervous,N,The Giant Squid,"An orchestral piece with brass and strings transitions to another with timpani, ending with brass and tuba."
FL,12,"20,000 Leagues Under the Sea",1954-06-29,"Adventure, Drama, Family, Fantasy, Sci-Fi",nervous,N,Ambush at Vulcania,"A cello and double bass piece transitions to a chamber quintet, ending with cello, tuba, and double bass."
FL,13,"20,000 Leagues Under the Sea",1954-06-29,"Adventure, Drama, Family, Fantasy, Sci-Fi",nervous,N,Escape from Vulcania,"A brass piece with trombone and tuba transitions to harpsichord, ending with an orchestral piece."
FL,14,"20,000 Leagues Under the Sea",1954-06-29,"Adventure, Drama, Family, Fantasy, Sci-Fi",nervous,N,FinaleDeep Is the Mighty Ocean,"A brass and violin piece transitions to orchestral pieces with strings, woodwinds, and percussion."
FM,0,The Ghoul,1933-08-06,"Action, Drama, Horror, Mystery, Romance",nervous,Y,UNKNOWN,A horn piece transitions to two segments of keyboard and synthesizer arrangements.
FM,1,The Ghoul,1933-08-06,"Action, Drama, Horror, Mystery, Romance",nervous,N,Richard Wagner - Götterdämmerung - Siegfrieds Funeral March,"A horn solo transitions to double bass, ending with a cello piece."
FM,2,The Ghoul,1933-08-06,"Action, Drama, Horror, Mystery, Romance",nervous,Y,UNKNOWN,"A cello piece transitions to symphonic orchestra, ending with a horn solo."
FM,3,The Ghoul,1933-08-06,"Action, Drama, Horror, Mystery, Romance",nervous,Y,UNKNOWN,A symphonic orchestra recording transitions to two segments of brass orchestra marches.
FM,4,The Ghoul,1933-08-06,"Action, Drama, Horror, Mystery, Romance",nervous,Y,UNKNOWN,Three consecutive segments of symphonic orchestra recordings.
FM,5,The Ghoul,1933-08-06,"Action, Drama, Horror, Mystery, Romance",nervous,Y,UNKNOWN,"A synthesizer piece transitions to marimba with winds, ending with a synthesizer and drone piece."
FM,6,The Ghoul,1933-08-06,"Action, Drama, Horror, Mystery, Romance",nervous,Y,UNKNOWN,"A marimba piece transitions to keyboard with synthesizer, ending with symphonic orchestra."
FN,0,Quatermass II,1955-10-22,"Drama, Sci-Fi, Horror, Thriller",nervous,Y,UNKNOWN,"A brass section piece transitions to another brass piece, ending with a string quartet."
FN,1,Quatermass II,1955-10-22,"Drama, Sci-Fi, Horror, Thriller",nervous,N,Zero Minus Sixty,"a soundtrack of chamber music featuring varying combinations of cello, flute, piano, violin, and keyboard."
FN,2,Quatermass II,1955-10-22,"Drama, Sci-Fi, Horror, Thriller",nervous,N,Inhumanity,"a soundtrack of classical pieces featuring strings, woodwinds, brass, and percussion."
FN,3,Quatermass II,1955-10-22,"Drama, Sci-Fi, Horror, Thriller",nervous,N,Zero Minus Sixty,a soundtrack transitioning from cello solo to vocals with piano to keyboard with bass.
FN,4,Quatermass II,1955-10-22,"Drama, Sci-Fi, Horror, Thriller",nervous,Y,UNKNOWN,a soundtrack transitioning from classical to rock to folk pieces with varying instrumentation.
FN,5,Quatermass II,1955-10-22,"Drama, Sci-Fi, Horror, Thriller",nervous,N,Zero Minus Sixty,"A cello piece transitions to piano with bass, ending with strings and piano."
FN,6,Quatermass II,1955-10-22,"Drama, Sci-Fi, Horror, Thriller",happy,Y,UNKNOWN,"A strings and percussion piece transitions to accordion, ending with harmonica."
FN,7,Quatermass II,1955-10-22,"Drama, Sci-Fi, Horror, Thriller",nervous,N,Zero Minus Sixty,"a soundtrack featuring tuba, cello, strings, and piano in varying combinations."
FN,8,Quatermass II,1955-10-22,"Drama, Sci-Fi, Horror, Thriller",nervous,N,Zero Minus Sixty,"a soundtrack of classical pieces featuring cello, keyboard, and orchestral arrangements."
FO,0,The Lost World,1925-02-02,"Adventure, Fantasy, Horror, Romance, Sci-Fi",happy,Y,UNKNOWN,"A marimba piece transitions to a chamber quintet, ending with an energetic instrumental."
FP,0,Plan 9 from Outer Space,1957-03-15,"Horror, Sci-Fi",nervous,N,Grip of the Law,"A jazz piece with saxophone transitions to another saxophone piece, ending with a traditional piece."
FP,1,Plan 9 from Outer Space,1957-03-15,"Horror, Sci-Fi",nervous,N,Desolate Village,"A french horn piece transitions to another horn piece, ending with strings, woodwinds, and marimba."
FP,2,Plan 9 from Outer Space,1957-03-15,"Horror, Sci-Fi",nervous,N,The Tyrant,"a soundtrack of pieces featuring male vocals with strings, brass, woodwinds, and flute."
FP,3,Plan 9 from Outer Space,1957-03-15,"Horror, Sci-Fi",nervous,N,Dry Throat,a soundtrack transitioning from orchestral to cello to harp pieces.
FQ,0,The Killer Shrews,1959-06-25,"Horror, Sci-Fi",nervous,N,SpongeBob Music - Death Throws,"A cello piece with piano and violin transitions to a chamber quintet, ending with an orchestral piece."
FQ,1,The Killer Shrews,1959-06-25,"Horror, Sci-Fi",nervous,N,Wounded Beast,"a soundtrack featuring violin, cello, synthesizer, and piano in varying combinations."
FQ,2,The Killer Shrews,1959-06-25,"Horror, Sci-Fi",nervous,N,Harry Bluestone - Death of the Alien 2 [41],a soundtrack of brass ensemble pieces featuring different arrangements.
FQ,3,The Killer Shrews,1959-06-25,"Horror, Sci-Fi",nervous,N,Wounded Beast,a soundtrack of cello pieces with piano accompaniment.
FQ,4,The Killer Shrews,1959-06-25,"Horror, Sci-Fi",nervous,N,Harry Bluestone - Death of the Alien 2 [41],a soundtrack of brass ensemble pieces with varying orchestration.
FQ,5,The Killer Shrews,1959-06-25,"Horror, Sci-Fi",nervous,N,Harry Bluestone - Death of the Alien 2 [41],a soundtrack of symphonic pieces featuring different instrumental combinations.
FR,0,The Phantom Planet,1961-12-13,"Action, Adventure, Sci-Fi",nervous,N,Caliban And Ariel,"A church organ piece with percussion transitions to didgeridoo, ending with theremin and vocals."
FS,0,Things to Come,1936-02-21,"Drama, Sci-Fi, War",nervous,N,Attack,"Three consecutive segments of chamber quintet performances featuring harp, flute, and strings."
FS,1,Things to Come,1936-02-21,"Drama, Sci-Fi, War",nervous,N,Attack,"Three consecutive segments of chamber quintet performances featuring harp, flute, and strings."
FS,2,Things to Come,1936-02-21,"Drama, Sci-Fi, War",nervous,N,Attack,"Three consecutive segments of chamber quintet performances featuring harp, flute, and strings."
FS,3,Things to Come,1936-02-21,"Drama, Sci-Fi, War",nervous,N,March,"Three consecutive segments of chamber quintet performances featuring harp, flute, and strings."
FT,0,Guest in the House,1944-12-08,"Drama, Film-Noir, Mystery",peaceful,N,Liebesträume S 541 No 3 in A-Flat Major O lieb so lang Du lieben kannst,"A French horn and piano piece transitions to a brass orchestra march, ending with a piano piece."
FT,1,Guest in the House,1944-12-08,"Drama, Film-Noir, Mystery",peaceful,N,Liebesträume S 541 No 3 in A-Flat Major O lieb so lang Du lieben kannst,"A piano piece transitions to a brass orchestra piece with tuba, ending with piano and violin."
FU,0,Fighting Caravans,1931-02-01,Western,happy,N,Stephen Fosters OH! SUSANNA - Original 1848 Lyrics - Tom Roush,a soundtrack transitioning from piano with accordion to traditional vocals to pop vocals with instruments.
FV,0,Captain America,1944-02-05,"Action, Adventure, Sci-Fi, Thriller",nervous,N,Captain America 1944 Serial - 2,"An upright bass piece transitions to electric guitar, ending with harmonica and rhythm section."
FV,1,Captain America,1944-02-05,"Action, Adventure, Sci-Fi, Thriller",happy,N,Captain America 1944 Serial - 4,a soundtrack featuring guitar solos with varying accompaniments and arrangements.
FV,2,Captain America,1944-02-05,"Action, Adventure, Sci-Fi, Thriller",nervous,N,Captain America 1944 Serial - 4,"A jazz piece with flute transitions to electric guitar, ending with brass and woodwinds."
FV,3,Captain America,1944-02-05,"Action, Adventure, Sci-Fi, Thriller",nervous,N,Captain America 1944 Serial - 7,Two segments of brass pieces with percussion transition to a classical tango with saxophones.
FV,4,Captain America,1944-02-05,"Action, Adventure, Sci-Fi, Thriller",nervous,N,Captain America 1944 Serial - 8,"A harmonica piece transitions to accordion with bass, ending with trombone and tuba."
FV,5,Captain America,1944-02-05,"Action, Adventure, Sci-Fi, Thriller",nervous,N,Captain America 1944 Serial - 9,"A harmonica piece transitions to clarinet with bass, ending with trombone and piano."
FV,6,Captain America,1944-02-05,"Action, Adventure, Sci-Fi, Thriller",nervous,N,Captain America 1944 Serial - 9,"A cello solo transitions to tuba, ending with didgeridoo."
FW,0,Arch of Triumph,1984-12-19,"Drama, Romance, War",peaceful,N,Jattendrai- Dino Olivieri,Two segments of electric guitar transition to a vocal piece with foreign language lyrics.
FX,0,David Copperfield,1970-01-04,Drama,nervous,N,David Copperfield Return to Yarmouth (Restored by J Morgan),"a soundtrack of orchestral pieces featuring strings, brass, and trumpet arrangements."
FX,1,David Copperfield,1970-01-04,Drama,sad,N,David Copperfield Agnes leaves David (Restored by J Morgan),"A brass composition transitions to piano with violin, ending with brass and timpani."
FX,2,David Copperfield,1970-01-04,Drama,peaceful,N,David Copperfield Preview,"A vocal piece with strings transitions to orchestral tuba, ending with male vocals over rock music."
FX,3,David Copperfield,1970-01-04,Drama,sad,N,David Copperfield Memories of Dora and Steerforth (Restored by J Morgan),a soundtrack transitioning from violin to orchestral strings to brass section pieces.
FX,4,David Copperfield,1970-01-04,Drama,peaceful,N,David Copperfield Doras Declaration (Restored by J Morgan),"a soundtrack of orchestral pieces featuring brass, woodwinds, and strings."
FY,0,The Fabulous Dorseys,1947-02-21,"Biography, Music, Musical, Romance",happy,N,1934 HITS ARCHIVE The Object Of My Affection - Jimmie Grier (Pinky Tomlin vocal),"Three consecutive segments of ska pieces featuring male vocals, brass, and rhythm section."
FY,1,The Fabulous Dorseys,1947-02-21,"Biography, Music, Musical, Romance",happy,N,Irving Berlin - Marie [1937],A harmonica piece transitions to electric guitar pieces with vocals.
FZ,0,The Stork Club,1945-12-19,"Comedy, Musical, Romance",peaceful,N,Hoagy Carmichael -- Doctor Lawyer Indian Chief,a soundtrack of vocal pieces with varying instrumental accompaniments.
FZ,1,The Stork Club,1945-12-19,"Comedy, Musical, Romance",happy,N,Love Me,a soundtrack featuring tuba and brass orchestra arrangements.
FZ,2,The Stork Club,1945-12-19,"Comedy, Musical, Romance",happy,N,Love Me,a soundtrack featuring tuba and brass orchestra arrangements.
FZ,3,The Stork Club,1945-12-19,"Comedy, Musical, Romance",happy,N,Hoagy Carmichael -- Doctor Lawyer Indian Chief,"A jazz piece transitions to pop vocals, ending with regional Mexican music."
GA,0,The House I Live In,1945-11-09,"Short, Drama, Music",happy,N,If You Are But A Dream (Moe Jaffe Jack Fulton Nat Bonx)  a+ THIS IS SINATRA VOL 2,"A brass piece transitions to jazz with vocals, ending with accordion and piano."
GB,0,Clancy Street Boys,1943-04-23,Comedy,happy,N,One OClock Jump - Count Basie,a soundtrack transitioning from jazz tuba to male vocals with various accompaniments.
GC,0,All the Kind Strangers,1974-11-12,"Horror, Thriller",peaceful,N,Robby Benson & Regis Mull  -  All the Kind Strangers,"A rock piece with vocals transitions to horn solo, ending with violin."
GD,0,Un uomo da rispettare,1972-11-21,"Action, Crime, Drama, History, Thriller",nervous,N,Un Tempo Infinito,"a soundtrack featuring resonating bowl, didgeridoo, and theremin with vocals."
GD,1,Un uomo da rispettare,1972-11-21,"Action, Crime, Drama, History, Thriller",nervous,N,Un Uomo Da Rispettare,"A cello and flute piece transitions to synthesizer bass, ending with didgeridoo and marimba."
GE,0,Something to Sing About,1937-09-30,"Comedy, Musical",nervous,N,Loving You,a soundtrack transitioning from strings and woodwinds to vocal pieces with accompaniment.
GF,0,Ye ban ge sheng,1935-12-31,"Horror, Romance",nervous,N,Mussorgsky - Night on Bald Mountain,"A clarinet-led piece transitions to orchestral pieces with strings, woodwinds, and percussion."
GG,0,The Emperor Jones,1933-09-19,"Drama, Music",nervous,N,Didnt My Lord Deliever Daniel (Live - Remastered),a soundtrack featuring organ and male vocals with varying instrumental arrangements.
GH,0,Evergreen,1934-04-30,"Comedy, Musical, Romance",peaceful,N,When Youve Got A Little Springtime In Your Heart,A flute piece transitions to two segments of cello with piano and bass.
GI,0,The Big Show,1936-11-16,"Drama, Music, Western",happy,N,The Martins and the Coys,a soundtrack transitioning from harmonica to male vocals with electric guitar.
GI,1,The Big Show,1936-11-16,"Drama, Music, Western",happy,N,Stephen Fosters OH! SUSANNA - Original 1848 Lyrics - Tom Roush,a soundtrack of vocal pieces with varying instrumental accompaniments.
GI,2,The Big Show,1936-11-16,"Drama, Music, Western",peaceful,N,Jimmie Davis - Nobodys Darlin But Mine (ORIGINAL) - (1934),a soundtrack featuring male vocals with different instrumental accompaniments.
GI,3,The Big Show,1936-11-16,"Drama, Music, Western",happy,N,Im Mad About You,a soundtrack transitioning from organ to harp with vocals to guitar and trombone.
GJ,0,Tarzan the Tiger,1929-12-09,"Action, Adventure",nervous,N,Tarzan the Tiger 1929 Episode 01 Call of the Jungle - Universal Pictures serial,Three consecutive segments of choral pieces with orchestral accompaniment.
GJ,1,Tarzan the Tiger,1929-12-09,"Action, Adventure",nervous,N,Tarzan the Tiger 1929 Episode 02 The Road to Opar - Universal movie serial,Three consecutive segments of choral pieces with orchestral accompaniment.
GJ,2,Tarzan the Tiger,1929-12-09,"Action, Adventure",nervous,N,Tarzan the Tiger 1929 Episode 04 The Vengeance of La,A bagpipe piece transitions to two segments of choral pieces with orchestra.
GJ,3,Tarzan the Tiger,1929-12-09,"Action, Adventure",nervous,N,Tarzan the Tiger 1929 Episoe 07 The Deadly Peril,a soundtrack of classical pieces featuring trombone and woodwinds.
GJ,4,Tarzan the Tiger,1929-12-09,"Action, Adventure",nervous,N,Tarzan the Tiger 1929 Episode 12 The Jewels of Opar,Three consecutive segments of bagpipe performances.
GK,0,Whistle Stop,1946-01-11,"Crime, Drama, Film-Noir",nervous,N,Little Brown Jug (J Winner) arr B Finegan,A xylophone piece transitions to jazz pieces featuring saxophone and rhythm section.
GK,1,Whistle Stop,1946-01-11,"Crime, Drama, Film-Noir",nervous,N,Little Brown Jug (J Winner) arr B Finegan,A xylophone piece transitions to jazz pieces featuring saxophone and brass.
GL,0,Dick Tracy's Dilemma,1947-05-20,"Action, Crime, Drama, Family",happy,N,One For My Baby (And One More For The Road) (Remastered 1991),"A cello and piano piece transitions to male vocals with strings, ending with strings and piano."
GM,0,The Great Rupert,1950-03-01,"Comedy, Family",happy,N,Take An L - JIMMY DURANTE,a soundtrack featuring male vocals with varying instrumental accompaniments.
GM,1,The Great Rupert,1950-03-01,"Comedy, Family",nervous,N,Take An L - JIMMY DURANTE,a soundtrack transitioning from strings with vocals to harmonica to keyboard.
GM,2,The Great Rupert,1950-03-01,"Comedy, Family",sad,N,Take An L - JIMMY DURANTE,a soundtrack featuring male vocals with varying instrumental accompaniments.
GM,3,The Great Rupert,1950-03-01,"Comedy, Family",nervous,N,Take An L - JIMMY DURANTE,a soundtrack featuring male vocals with varying instrumental accompaniments.
GM,4,The Great Rupert,1950-03-01,"Comedy, Family",nervous,N,Take An L - JIMMY DURANTE,"A clarinet piece transitions to male vocals with strings, ending with clarinet ensemble."
GN,0,Beneath the 12-Mile Reef,1953-12-02,"Adventure, Drama",nervous,N,Isham Jones & his Orchestra - It Had to Be You (1924),a soundtrack featuring female and male vocals with accordion and various instrumental accompaniments.
GN,1,Beneath the 12-Mile Reef,1953-12-02,"Adventure, Drama",nervous,N,Isham Jones & his Orchestra - It Had to Be You (1924),a soundtrack transitioning from male vocals with accordion to woodwinds and piano.
GN,2,Beneath the 12-Mile Reef,1953-12-02,"Adventure, Drama",peaceful,N,Isham Jones & his Orchestra - It Had to Be You (1924),a soundtrack featuring female and male vocals with varying instrumental accompaniments.
GO,0,The Pied Piper of Hamelin,1957-11-26,"Musical, Family, Fantasy",sad,N,Prestige (Reprise),a soundtrack of instructional content featuring male voice and piano.
GP,0,Wild Guitar,1962-11-06,"Comedy, Drama, Music, Romance",happy,N,TWIST FEVER,a soundtrack transitioning from electric guitar to double bass to harmonica with acoustic accompaniment.
GQ,0,Rock Rock Rock!,1956-12-07,"Drama, Music",happy,N,Teddy Randazzo - When It Comes to Love (1956) - HD,"An instructional flute piece transitions to trombone, ending with male vocals and percussion."
GQ,1,Rock Rock Rock!,1956-12-07,"Drama, Music",happy,N,Right Now Right Now,"A djembe with vocals transitions to Latin percussion ensemble, ending with big band jazz."
GQ,2,Rock Rock Rock!,1956-12-07,"Drama, Music",happy,N,Lonesome Train (On A Lonesome Track),a soundtrack featuring male vocals with varying instrumental accompaniments.
GR,0,Evel Knievel,1971-06-30,"Action, Biography, Drama",happy,N,Pat Williams-I do what I please Evel Knievel 1974,a soundtrack transitioning from male vocals with cello to orchestral piece to rock arrangement.
GR,1,Evel Knievel,1971-06-30,"Action, Biography, Drama",happy,N,Pat Williams-I do what I please Evel Knievel 1974,a soundtrack of rock pieces featuring male vocals with varying accompaniments.
GS,0,Maybe I'll Come Home in the Spring,1971-02-16,Drama,nervous,N,Linda Ronstadt - MAYBE ILL COME HOME IN THE SPRINGwmv,"A rock piece with female vocals transitions to electric guitar, ending with folk arrangement."
GT,0,The Pyx,1973-09-14,"Crime, Drama, Mystery, Thriller",peaceful,N,It All Turned Out The Way I Planned It,a soundtrack transitioning from acoustic guitar to instrumental ensemble to female vocals.
GU,0,The Duke Is Tops,1938-06-30,"Comedy, Drama, Musical",happy,N,Ralph Cooper avec The Swing Band Harlemania Orchestra  « Harlem Is Harmony »,"A synthesizer and bells piece transitions to electric guitar, ending with male vocals."
GV,0,The Carson City Kid,1940-06-12,"Drama, Western",happy,N,Little Brown Jug (J Winner) arr B Finegan,A xylophone piece transitions to jazz pieces featuring saxophone and rhythm section.
GW,0,Corregidor,1943-03-29,Drama,nervous,N,The Battle Hymn of the Republic,"A xylophone piece transitions to symphonic orchestra, ending with male vocals and percussion."
GX,0,King of the Cowboys,1943-04-09,Western,happy,N,Sons of the Pioneers - Biscuit Blues  (from King of the Cowboys 1943),"A tango piece with trombone and tuba transitions to male opera with harp, ending with accordion."
GX,1,King of the Cowboys,1943-04-09,Western,nervous,N,Roll Along Prairie Moon (Tilzer Albert Harry MacPherson Ted Fiorito),Three consecutive segments of female vocal harmonies.
GX,2,King of the Cowboys,1943-04-09,Western,happy,N,Sons of the Pioneers - Biscuit Blues  (from King of the Cowboys 1943),"A synthesizer piece transitions to male opera with trombone, ending with accordion and vocals."
GX,3,King of the Cowboys,1943-04-09,Western,peaceful,N,Roll Along Prairie Moon (Tilzer Albert Harry MacPherson Ted Fiorito),Three consecutive segments of female vocal harmonies.
GY,0,Captain Scarlett,1952-10-31,"Adventure, Drama",nervous,N,BL 2 Captain Scarlett and her Pirates Booty - The Rustyards (Combat),"A mixed sound piece with footsteps transitions to traditional ensemble, ending with woodwinds and percussion."
GY,1,Captain Scarlett,1952-10-31,"Adventure, Drama",nervous,N,BL 2 Captain Scarlett and her Pirates Booty - Roscoe,a soundtrack transitioning from didgeridoo with electronic elements to orchestral arrangements.
GY,2,Captain Scarlett,1952-10-31,"Adventure, Drama",nervous,N,BL 2 Captain Scarlett and her Pirates Booty - Roscoe,"a soundtrack featuring didgeridoo, electronic elements, and orchestral arrangements."
GZ,0,The Joe Louis Story,1953-09-18,"Biography, Drama, Film-Noir, Sport",happy,N,Ill Be Around (Remastered),"A jazz piece with saxophone transitions to male vocals with tuba, ending with vocals and brass."
HA,0,Santa and the Three Bears,1970-11-07,"Animation, Family, Fantasy",happy,N,Silent Night,a soundtrack featuring acoustic guitar and female vocals with harmonica.
HB,0,The Groom Wore Spurs,1951-03-14,Comedy,happy,N,turkey in the straw (first version 1942),a soundtrack transitioning from jazz saxophone to organ to woodwinds with bass.
HC,0,Colonel Effingham's Raid,1946-01-24,Comedy,peaceful,N,Kingdom Coming (The Year of Jubilo),a soundtrack featuring strings and percussion transitioning to male vocals with folk arrangements.
HC,1,Colonel Effingham's Raid,1946-01-24,Comedy,peaceful,N,Kingdom Coming (The Year of Jubilo),a soundtrack transitioning from percussion to accordion and mandolin to rock ensemble.
HC,2,Colonel Effingham's Raid,1946-01-24,Comedy,happy,N,Youre in the Army Now,"a soundtrack featuring brass, piano, and bass with male vocals."
HD,0,Mutiny,1952-02-28,"Adventure, History",nervous,N,The Maid of Amsterdam (A-rovin) - sung by the Roaring Trowmen,a soundtrack featuring male vocals with harmonica.
HD,1,Mutiny,1952-02-28,"Adventure, History",nervous,N,Sailors Holiday by Mark Williams,a soundtrack transitioning from tuba to brass ensemble to woodwinds and strings.
HE,0,Honeymoon in Bali,1939-09-14,"Comedy, Music, Romance",happy,N,Nicolai Gedda  O paradis (subtitles) LAfricaine by Giacomo Meyerbeer,"a soundtrack featuring Tibetan singing bowl, strings, and theremin."
HF,0,All-American Co-Ed,1941-10-31,"Comedy, Musical",happy,N,Im a Chap with a Chip on My Shoulder,a soundtrack transitioning from electric guitar to accordion to woodwinds.
HG,0,Molly and Me,1945-05-25,"Comedy, Musical",happy,N,EVANS Lets All Sing Like the Birdies Sing - The Presidents Own United States Marine Band,"a soundtrack of orchestral pieces featuring french horns, strings, and brass."
HH,0,Mr. Robinson Crusoe,1932-08-19,"Action, Adventure, Comedy, Family, Romance",happy,N,Harry Richman - Singing A Vagabond Song 1930 - From Puttin On The Ritz,"a soundtrack featuring male vocals with accordion, piano, and clarinet."
HI,0,Don Quixote,1933-03-24,"Adventure, Comedy, Drama, Music, Musical, Romance",nervous,N,Jacques Ibert  Chansons de Don Quichotte - IV Chanson de la mort,a soundtrack transitioning from gospel with piano to strings to clarinet and tuba.
HI,1,Don Quixote,1933-03-24,"Adventure, Comedy, Drama, Music, Musical, Romance",sad,N,Jacques Ibert  Chansons de Don Quichotte - IV Chanson de la mort,a soundtrack transitioning from piano with vocals to solo melody to cello ensemble.
HJ,0,Zouzou,1934-12-21,"Crime, Musical, Romance",happy,N,Georges Eugène Emile Van Parys  Josephine B - Cest lui (Clarisse Caplan Thomas Armand),"a soundtrack featuring harmonica with rhythm section, female vocals, and piano."
HJ,1,Zouzou,1934-12-21,"Crime, Musical, Romance",peaceful,N,Haïti,a soundtrack transitioning from orchestral arrangements to harp to choral music.
HK,0,The Marines Are Coming,1934-11-20,"Action, Drama, Romance, War",happy,N,SOUSA Semper Fidelis (1888) - The Presidents Own United States Marine Band,a soundtrack of video game music featuring varying instrumental combinations.
HL,0,7 Wise Dwarfs,1941-12-12,"Animation, Short, War",happy,N,Heigh Ho - Snow White and the Seven Dwarfs,a soundtrack featuring male vocals with harmonica and accordion.
HM,0,Up in the Air,1940-09-09,"Comedy, Musical, Mystery",happy,N,By The Looks Of Things  Up in the Air 1940,a soundtrack of brass quartet arrangements with varying instrumentation.
HM,1,Up in the Air,1940-09-09,"Comedy, Musical, Mystery",happy,N,Doin The Conga  Lorna Gray  Up in the Air 1940,Three consecutive segments of bagpipe performances.
HM,2,Up in the Air,1940-09-09,"Comedy, Musical, Mystery",happy,N,Somehow Or Other  Up in the Air 1940,"a soundtrack of classical pieces featuring trombone, tuba, and string quartet."
HN,0,Minesweeper,1943-11-10,"Action, Adventure, Comedy, Drama, Romance, War",happy,N,Anchors Aweigh by Charles ZimmermanJames Barnes,"a soundtrack of classical pieces featuring varying combinations of brass, woodwinds, and percussion."
HN,1,Minesweeper,1943-11-10,"Action, Adventure, Comedy, Drama, Romance, War",nervous,N,Anchors Aweigh by Charles ZimmermanJames Barnes,a soundtrack of classical marching band pieces with varying instrumentation.
HO,0,Delightfully Dangerous,1945-03-31,"Comedy, Musical, Romance",happy,N,Im Only Teasin  Constance Moore  Delightfully Dangerous 1945,"a soundtrack featuring male vocals with saxophone, piano, and accordion."
HO,1,Delightfully Dangerous,1945-03-31,"Comedy, Musical, Romance",happy,N,Mr Strauss Goes To Town  Delightfully Dangerous 1945,a soundtrack of orchestral pieces featuring brass and string sections.
HP,0,Giuseppe venduto dai fratelli,1961-08-24,"Biography, Drama, Family, History",happy,N,Giuseppe venduto dai fratelli (1961) -  Italy Trailer A,"An Arabic dance piece transitions to electric guitar, ending with flute instruction."
HP,1,Giuseppe venduto dai fratelli,1961-08-24,"Biography, Drama, Family, History",nervous,N,Ercole alla conquista di Atlantide rissa iniziale,a soundtrack transitioning from percussion to body percussion to bagpipes with drums.
HQ,0,Hi De Ho,1947-05-09,Musical,happy,N,The Peters Sisters - A Rainy Sunday & Little Old Lady From Baltimore (1947),"A harmonica with dialogue transitions to accordion, ending with Indian bagpipes and vocals."
HR,0,Home in Oklahoma,1946-10-18,"Drama, Music, Western",happy,N,Home In Oklahoma Roy Rogers,a soundtrack featuring male vocals with varying instrumental accompaniments.
HR,1,Home in Oklahoma,1946-10-18,"Drama, Music, Western",nervous,N,The Everlasting Hills of Oklahoma,a soundtrack transitioning from classical to rock to country arrangements with male vocals.
HS,0,Bells of Rosarita,1945-06-19,"Drama, Music, Western",happy,N,Robert Mitchell Boys Choir sings THE BUGLERS LULLABY from BELLS OF ROSARITA 1945,a soundtrack featuring tuba and string arrangements.
HS,1,Bells of Rosarita,1945-06-19,"Drama, Music, Western",happy,N,Roy Rogers IM GOING TO BUILD A BIG FENCE AROUND TEXAS Robert Mitchell Boys Choir,"a soundtrack featuring male vocals with blues riff, arpeggiated melody, and rhythm section."
HT,0,The Arizona Kid,1939-09-29,"Drama, Music, Western",nervous,N,Its Home Sweet Home To Me,a soundtrack transitioning from accordion to acoustic guitar with vocals.
HT,1,The Arizona Kid,1939-09-29,"Drama, Music, Western",sad,N,Swing Low Sweet Chariot by Wallace Willis,"A cello piece transitions to horn solo, ending with male vocals and choir."
HT,2,The Arizona Kid,1939-09-29,"Drama, Music, Western",nervous,N,Swing Low Sweet Chariot by Wallace Willis,"A cello piece transitions to horn solo, ending with male vocals and synthesizer."
HU,0,Concrete Cowboys: Concrete Cowboys,1979-10-17,"Adventure, Comedy, Crime, Mystery",happy,N,Jerry Reed - Breakin Loose,a soundtrack of R&B and rock pieces featuring male vocals with full band.
HV,0,Deadwood '76,1965-06-30,"Drama, Western",happy,N,Deadwood 76 1965 music by Michael Terr,"a soundtrack featuring bass guitar, strings, and male vocals."
HV,1,Deadwood '76,1965-06-30,"Drama, Western",peaceful,N,Deadwood 76 1965 music by Michael Terr,a soundtrack transitioning from didgeridoo to electric guitar to male vocals.
HV,2,Deadwood '76,1965-06-30,"Drama, Western",happy,N,Deadwood 76 1965 music by Michael Terr,a soundtrack featuring male vocals with varying instrumental accompaniments.
HW,0,Tanks a Million,1941-09-12,"Adventure, Comedy, Romance",happy,N,Youre in the Army Now,A ska piece with brass transitions to two segments of piano with male vocals.
HX,0,Springtime in the Sierras,1947-07-15,"Drama, Music, Western",happy,N,Springtime In The SierrasRoy RogersJane Frazee1947,a soundtrack transitioning from clarinet to didgeridoo to percussion with flute.
HY,0,When's Your Birthday?,1937-02-19,"Comedy, Sport",happy,N,Juventino Rosas - Sobre Las Olas (Over The Waves),"a soundtrack featuring classical trio, strings, and woodwinds with marimba."
HZ,0,Under Western Stars,1938-04-20,"Adventure, Western",happy,N,Listen To The Rhythm Of The Range,a soundtrack transitioning from accordion to Afro-Cuban ensemble to African folk ensemble.
HZ,1,Under Western Stars,1938-04-20,"Adventure, Western",nervous,N,Listen To The Rhythm Of The Range,a soundtrack transitioning from accordion to Afro-Cuban ensemble to bluegrass gospel.
IA,0,Red Salute,1935-09-12,Comedy,happy,N,I Wonder Whos Kissing Her Now,Three consecutive segments of male vocals over rock music.
IA,1,Red Salute,1935-09-12,Comedy,peaceful,N,I Wonder Whos Kissing Her Now,Three consecutive segments of male vocals over varying backgrounds.
IB,0,The Blood of Jesus,1941-04-26,"Drama, Fantasy",peaceful,N,Swing Low Sweet Chariot by Wallace Willis,"A meditation piece transitions to horn solo, ending with choir and orchestra."
IC,0,Winterset,1936-11-26,"Crime, Drama, Mystery, Romance, Thriller",nervous,N,Siboney - Ernesto Lecuona,a soundtrack of tutorial content featuring male vocals with varying effects.
ID,0,Days of Jesse James,1939-12-20,"Drama, Music, Western",nervous,N,Saddle Your Dreams (1940) - Dick Todd,"a soundtrack of classical pieces featuring strings, woodwinds, and male vocals."
IE,0,Lady Gangster,1942-04-01,"Crime, Drama, Film-Noir",happy,N,Blues In the Night,a soundtrack transitioning from brass ensemble to jazz vocals to folk ensemble.
IE,1,Lady Gangster,1942-04-01,"Crime, Drama, Film-Noir",nervous,N,Blues In the Night,a soundtrack transitioning from marching band to jazz vocals to regional Mexican music.
IF,0,Private Buckaroo,1942-05-28,"Comedy, Musical",happy,N,Six Jerks In A Jeep,a soundtrack featuring female vocals with varying instrumental accompaniments.
IF,1,Private Buckaroo,1942-05-28,"Comedy, Musical",nervous,N,Harry James - Concerto for Trumpet,a soundtrack transitioning from jazz saxophone to woodwinds to jazz trombone.
IG,0,Mr. Imperium,1951-03-02,"Drama, Musical, Mystery, Romance",peaceful,N,Clark Dennis – Let Me Look at You 1951,"a soundtrack featuring strings, woodwinds, and male vocals with piano."
IG,1,Mr. Imperium,1951-03-02,"Drama, Musical, Mystery, Romance",peaceful,N,Clark Dennis – Let Me Look at You 1951,a soundtrack transitioning from theremin to male vocals with orchestra to piano.
IH,0,So This Is Washington,1943-08-31,Comedy,happy,N,The Battle Hymn of the Republic,a soundtrack transitioning from percussion with brass to gospel choir to Arabic vocals.
II,0,Lights of Old Santa Fe,1944-11-06,"Drama, Music, Western",happy,N,Cowboy Jubilee (1944) - The Sons of the Pioneers,a soundtrack featuring male vocals with harmonica and various accompaniments.
IJ,0,Zorro's Black Whip,1944-11-16,Western,nervous,N,Zorros Black Whip - Chapter 01 The Masked Avenger,a soundtrack transitioning from wind orchestra to keyboard to didgeridoo.
IJ,1,Zorro's Black Whip,1944-11-16,Western,nervous,N,Zorros Black Whip - Chapter 01 The Masked Avenger,a soundtrack transitioning from orchestra to tuba with piano to electric guitar.
IJ,2,Zorro's Black Whip,1944-11-16,Western,nervous,N,Zorros Black Whip - Chapter 02 Tomb of Terror,a soundtrack transitioning from brass orchestra to brass section to upright bass.
IJ,3,Zorro's Black Whip,1944-11-16,Western,nervous,N,Zorros Black Whip - Chapter 02 Tomb of Terror,a soundtrack transitioning from brass section to upright bass to didgeridoo.
IJ,4,Zorro's Black Whip,1944-11-16,Western,nervous,N,Zorros Black Whip - Chapter 11 Flaming Juggernaut,a soundtrack transitioning from orchestra to brass ensemble to didgeridoo.
IJ,5,Zorro's Black Whip,1944-11-16,Western,nervous,N,Zorros Black Whip - Chapter 04 Detour to Death,Two segments of symphonic orchestra transition to percussion ensemble.
IJ,6,Zorro's Black Whip,1944-11-16,Western,nervous,N,Zorros Black Whip - Chapter 05 Take Off That Mask!,a soundtrack transitioning from orchestra to chamber quintet to symphonic orchestra.
IJ,7,Zorro's Black Whip,1944-11-16,Western,nervous,N,Zorros Black Whip - Chapter 06 Fatal Gold,a soundtrack transitioning from saxophone quartet to electric guitar to Irish folk.
IJ,8,Zorro's Black Whip,1944-11-16,Western,nervous,N,Zorros Black Whip - Chapter 06 Fatal Gold,a soundtrack transitioning from brass section to saxophone to didgeridoo.
IJ,9,Zorro's Black Whip,1944-11-16,Western,nervous,N,Zorros Black Whip - Chapter 08 The Invisible Victim,a soundtrack transitioning from orchestra to chamber quintet to saxophone quartet.
IJ,10,Zorro's Black Whip,1944-11-16,Western,nervous,N,Zorros Black Whip - Chapter 09 Avalanche,a soundtrack transitioning from brass section to strings to didgeridoo with vocals.
IJ,11,Zorro's Black Whip,1944-11-16,Western,nervous,N,Zorros Black Whip - Chapter 11 Flaming Juggernaut,a soundtrack transitioning from orchestra to didgeridoo to electric guitar.
IJ,12,Zorro's Black Whip,1944-11-16,Western,nervous,N,Zorros Black Whip - Chapter 12 Trial of Tyranny,a soundtrack transitioning from saxophone quartet to percussion ensemble.
IJ,13,Zorro's Black Whip,1944-11-16,Western,nervous,N,Zorros Black Whip - Chapter 12 Trial of Tyranny,a soundtrack transitioning from orchestra to brass ensemble to saxophone quartet.
IK,0,"Texas, Brooklyn & Heaven",1948-07-16,"Comedy, Romance",nervous,N,Pentatonix - The First Noel (Official Video),a soundtrack transitioning from synthesizer to male vocals with piano and guitar.
IL,0,"Liane, das Mädchen aus dem Urwald",1956-10-04,Adventure,happy,N,Orchester Erwin Halletz Liane (1956),Two segments of binaural sound effects transition to traditional percussion.
IL,1,"Liane, das Mädchen aus dem Urwald",1956-10-04,Adventure,happy,N,Orchester Erwin Halletz Liane (1956),a soundtrack transitioning from Tibetan singing bowl to sound effects to percussion ensemble.
IM,0,The Choppers,1961-11-30,"Crime, Drama",happy,N,Konga Joe,a soundtrack featuring tabla and percussion with male vocals.
IM,1,The Choppers,1961-11-30,"Crime, Drama",happy,N,Konga Joe,a soundtrack of rock arrangements featuring male vocals with full band.
IN,0,La leggenda di Enea,1962-11-28,"Adventure, Drama",peaceful,N,La Leggenda Di Enea,a soundtrack transitioning from marimba to two segments of flute pieces.
IN,1,La leggenda di Enea,1962-11-28,"Adventure, Drama",nervous,N,Incontro Tra Due Popoli (Versione Alternative),Two segments of horn solos transition to brass orchestra march.
IN,2,La leggenda di Enea,1962-11-28,"Adventure, Drama",sad,N,Drance E I Ricordi Di Enea,Two segments of horn solos transition to marimba with clarinet and flute.
IN,3,La leggenda di Enea,1962-11-28,"Adventure, Drama",nervous,N,Drance E I Ricordi Di Enea,"Two horn solos transition to a piece featuring clarinet with winds, horns, brass, and percussion."
IN,4,La leggenda di Enea,1962-11-28,"Adventure, Drama",peaceful,N,Enea LEroe,A chamber quintet with harp transitions to two segments featuring clarinet with winds and horns.
IN,5,La leggenda di Enea,1962-11-28,"Adventure, Drama",nervous,N,Gara Con I Cavalli,a soundtrack of classical pieces featuring brass orchestra with varying arrangements.
IN,6,La leggenda di Enea,1962-11-28,"Adventure, Drama",happy,N,Esibizione E Vittoria Di Enea,"A saxophone quartet transitions to orchestral pieces featuring strings, horn, and woodwinds."
IN,7,La leggenda di Enea,1962-11-28,"Adventure, Drama",nervous,N,Discorso Di Turno Al Re,a soundtrack transitioning from horn with strings to classical trio to cello solo.
IN,8,La leggenda di Enea,1962-11-28,"Adventure, Drama",nervous,N,AllAttacco!,"a soundtrack featuring Tibetan singing bowl, tuba, and cello."
IN,9,La leggenda di Enea,1962-11-28,"Adventure, Drama",happy,N,I Caduti Ed Enea Sul Cocchio,"A marimba trio transitions to another marimba piece, ending with horn solo."
IN,10,La leggenda di Enea,1962-11-28,"Adventure, Drama",nervous,N,I Caduti Ed Enea Sul Cocchio,"A classical piece with clarinet, trombone, and bass transitions to marimba with horn, ending with synthesizer."
IN,11,La leggenda di Enea,1962-11-28,"Adventure, Drama",happy,N,Enea E Lavania,"A clarinet piece with winds transitions to flute with tuba, ending with meditation instruments."
IN,12,La leggenda di Enea,1962-11-28,"Adventure, Drama",peaceful,N,La Leggenda Di Enea,a soundtrack transitioning from marimba to flute to marimba pieces.
IO,0,The Fat Spy,1966-05-11,Comedy,peaceful,N,Johnny Tillotson - Where Is The Girl For Me,a soundtrack transitioning from orchestral to R&B to folk arrangements with vocals.
IO,1,The Fat Spy,1966-05-11,Comedy,happy,N,People Sure Act Funny from the Fat Spy (1966),"A cajon piece with guitars transitions to accordion with vocals, ending with orchestral piece."
IP,0,Gunsmoke Ranch,1937-05-05,Western,nervous,N,When You And I Were Young Maggie -George JohnsonRob Mashburn 너랑 내가 어렸을 적에 매기야 (영한자막 Engl Korean),"A harmonica piece transitions to electric guitar with rhythm section, ending with vocals and percussion."
IQ,0,Aces and Eights,1936-06-06,Western,happy,N,The Beginning of Aces and 8s (FULL SEGMENT)  IMPACT June 14 2012,a soundtrack featuring hip hop arrangements with male vocals and varying instrumentation.
IR,0,Breaking the Ice,1938-09-22,Drama,happy,N,1938 Buddy Rogers - Happy As A Lark (Buddy Rogers vocal),a soundtrack transitioning from ska vocals and brass to male vocals with rhythm section.
IR,1,Breaking the Ice,1938-09-22,Drama,happy,N,1938 Buddy Rogers - Happy As A Lark (Buddy Rogers vocal),"a soundtrack featuring ska arrangements with brass, vocals, and rhythm section."
IR,2,Breaking the Ice,1938-09-22,Drama,peaceful,N,The Sunny Side of Things,a soundtrack transitioning from jazz saxophone to classical brass to woodwinds with bass.
IS,0,"No, No, Nanette",1940-12-13,"Comedy, Drama, Musical, Romance",happy,N,Tea for Two,"An acoustic guitar piece transitions to strings with woodwinds, ending with tuba and bass."
IT,0,Killer Diller,,"Comedy, Drama, Music, Musical",happy,N,Andy Kirk - Apollo Groove,"a soundtrack of jazz pieces featuring brass, saxophone, and rhythm section."
KH,0,Manhattan Merry-Go-Round,1937-11-26,"Comedy, Drama, Music, Romance",happy,N,Jo Ann Castle - When My Baby Smiles At Me (Bill Munro),a soundtrack transitioning from jazz clarinet to salsa orchestra to salsa vocals.
KH,1,Manhattan Merry-Go-Round,1937-11-26,"Comedy, Drama, Music, Romance",happy,N,All Over Nothing At All,"A harmonica solo transitions to female vocals with piano, ending with female vocals and choir."
KI,0,O-Kay for Sound,1937-04-22,"Comedy, Musical",happy,N,O-Kay For Sound,"A piano cover transitions to trombone with piano, ending with solo piano."
KI,1,O-Kay for Sound,1937-04-22,"Comedy, Musical",happy,N,The Fleets Not in Port Very Long,"A trombone piece transitions to Italian accordion song, ending with vocal ensemble."
KJ,0,Alf's Button Afloat,1938-07-31,Comedy,happy,N,Colonel Bogey March by Kenneth Alford,Three consecutive segments of brass orchestra pieces with trombone and tuba.
KJ,1,Alf's Button Afloat,1938-07-31,Comedy,happy,N,Colonel Bogey March by Kenneth Alford,Three consecutive segments of brass orchestra pieces featuring trombone and tuba.
KK,0,Rawhide,1938-04-08,"Drama, Western",happy,N,Phelps Brothers - That Old Washboard Band from the movie Rawhide,a soundtrack transitioning from bass guitar to tuba to didgeridoo.
KL,0,The Limejuice Mystery or Who Spat in Grandfather's Porridge?,1930-12-31,"Animation, Comedy, Mystery, Short",happy,N,Limehouse Blues (1922),a soundtrack transitioning from ukulele to electric guitar to female vocals with piano.
KM,0,Bubbling Over,1934-04-20,"Short, Comedy, Music, Musical",happy,N,Ethel Waters - Darkies Never Dream (1934),"A viola solo transitions to cello with tabla, ending with female vocals and ensemble."
KN,0,Follow Your Heart,1936-08-11,Musical,peaceful,N,Magnolias in the Moonlight (Original),a soundtrack featuring brass ensemble transitioning to flute with percussion.
KO,0,Hawaii Calls,1938-03-11,"Drama, Musical",happy,N,Thats the Hawaiian in me,"A xylophone piece transitions to ukulele with female voice, ending with vocals and piano."
KP,0,Marked for Murder,1945-02-08,Western,nervous,N,Long Time Gone (Remastered),a soundtrack transitioning from jazz ensemble to traditional pop to country arrangements.
KQ,0,Paris Follies of 1956,1955-11-27,Musical,happy,N,Can This Be Love (Remastered),a soundtrack featuring female and male vocals with varying instrumental accompaniments.
KR,0,Kiladi Kittu,1981-12-31,"Action, Adventure, Crime, Romance, Thriller",nervous,N,Manasanu Koduthivi,a soundtrack featuring male vocals with bells and bagpipes.
KR,1,Kiladi Kittu,1981-12-31,"Action, Adventure, Crime, Romance, Thriller",nervous,N,Manasanu Koduthivi,Two segments of bagpipes with male vocals transition to tabla with vocals.
KS,0,Bloodspell,2007-10-31,"Animation, Action, Fantasy",peaceful,N,Dance While the Sky Crashes Down,a soundtrack featuring male vocals with varying folk arrangements.
KS,1,Bloodspell,2007-10-31,"Animation, Action, Fantasy",happy,N,Screaming Banshee Aircrew - Hello Mr Hyde live at The Coven,a soundtrack of rock performances featuring varying instrumental combinations.
KS,2,Bloodspell,2007-10-31,"Animation, Action, Fantasy",happy,N,Barrakuda situation 666,a soundtrack of heavy metal featuring male vocals with varying instrumental arrangements.
KT,0,Hittin' the Trail,1937-04-03,"Drama, Music, Western",peaceful,N,Tex Ritter - Blood On The Saddle,"An acoustic guitar piece transitions to blues harmonica, ending with male vocals."
KU,0,Breaking the Ice,1938-09-22,Drama,happy,N,1938 Buddy Rogers - Happy As A Lark (Buddy Rogers vocal),a soundtrack featuring ska arrangements with male vocals and brass.
KU,1,Breaking the Ice,1938-09-22,Drama,peaceful,N,1938 Buddy Rogers - Happy As A Lark (Buddy Rogers vocal),"a soundtrack of ska pieces featuring brass, vocals, and rhythm section."
KU,2,Breaking the Ice,1938-09-22,Drama,peaceful,N,1938 Buddy Rogers - Happy As A Lark (Buddy Rogers vocal),a soundtrack of jazz and ska pieces featuring male vocals with varying accompaniments.
KV,0,South of Santa Fe,1942-02-17,"Drama, Music, Western",nervous,N,Sons of the Pioneers Teleways Radio Productions 1947   142   South of Santa Fe,a soundtrack transitioning from electric guitar with choir to percussion with didgeridoo.
KV,1,South of Santa Fe,1942-02-17,"Drama, Music, Western",nervous,N,Sons of the Pioneers Teleways Radio Productions 1947   142   South of Santa Fe,a soundtrack featuring male vocals with varying instrumental combinations.
KW,0,Texas to Bataan,1942-10-16,"Drama, War, Western",nervous,N,Home on the Range by Daniel E Kelley (optional sing-along) - Charles Manning Piano Improv,Three consecutive segments of piano pieces with violin accompaniment.
KX,0,Song of Nevada,1944-07-14,"Drama, Music, Western",peaceful,N,Its Love Love Love (Remastered),a soundtrack transitioning from electronic percussion to acoustic guitar.
KX,1,Song of Nevada,1944-07-14,"Drama, Music, Western",nervous,N,Its Love Love Love (Remastered),a soundtrack featuring male vocals with electronic and acoustic elements.
KY,0,Gangsters of the Frontier,1944-09-22,Western,happy,N,Hes Gone Hes Gone Up The Trail,An accordion piece transitions to two segments featuring male vocals with guitar.
KZ,0,Adventures of Gallant Bess,1948-12-22,"Drama, Romance, Western",happy,N,The Foggy Foggy Dew - Britten,a soundtrack transitioning from drone effects to horn to male vocals.
KZ,1,Adventures of Gallant Bess,1948-12-22,"Drama, Romance, Western",peaceful,N,The Foggy Foggy Dew - Britten,a soundtrack transitioning from drone effects to french horn to male vocals.
KZ,2,Adventures of Gallant Bess,1948-12-22,"Drama, Romance, Western",nervous,N,The Foggy Foggy Dew - Britten,a soundtrack transitioning from drone effects to piano with violin to male vocals.
LA,0,Mr. Reckless,1948-03-26,"Adventure, Drama, Romance",nervous,N,Eddy Howard & His Orchestra - To Each His Own (1946) [Jay Livingston & Ray Evans],a soundtrack transitioning from brass ensemble to male opera to orchestral arrangement.
LB,0,Wild Country,1947-01-17,Western,nervous,N,Wild Country (1947) (Western),A saxophone quartet transitions to two segments of male vocals with backing track.
LC,0,That's My Baby!,1944-09-14,"Comedy, Drama, Music, Romance",peaceful,N,Crying,Three consecutive segments featuring male vocals with rhythm section and backing vocals.
LC,1,That's My Baby!,1944-09-14,"Comedy, Drama, Music, Romance",happy,N,Crying,Three consecutive segments featuring male vocals with rhythm section and backing vocals.
LD,0,Boot Hill Bandits,1942-04-24,Western,nervous,N,Frank Sinatra Introduction to Home on the Range  Home on the Range,"A strings piece transitions to male vocals, ending with guitar instruction."
LD,1,Boot Hill Bandits,1942-04-24,Western,nervous,N,Frank Sinatra Introduction to Home on the Range  Home on the Range,"A classical strings piece transitions to percussion, ending with keyboard instruction."
LE,0,Funeral for an Assassin,1974-10-02,"Crime, Drama",nervous,N,Alan Parker & William Parrish - Digger (1972),a soundtrack transitioning from percussion ensemble to rock arrangements.
LF,0,Red River Valley,1941-12-12,"Drama, Music, Western",nervous,N,When Payday Rolls Around,a soundtrack featuring male vocals with varying folk arrangements.
LG,0,Spellbound,1941-05-10,"Drama, Horror",happy,N,Gambling Dream  Mad Proprietors Dream  Root-Top Dreams,a soundtrack transitioning from synthesizer to brass to string orchestra.
LH,0,Ridin' Down the Canyon,1942-12-30,"Drama, Music, Western",peaceful,N,Who Am I,"A jazz ensemble transitions to male vocals with strings, ending with rhythm section."
LH,1,Ridin' Down the Canyon,1942-12-30,"Drama, Music, Western",nervous,N,Who Am I,a soundtrack transitioning from jazz ensemble to folk guitar to female vocals.
LH,2,Ridin' Down the Canyon,1942-12-30,"Drama, Music, Western",nervous,N,Who Am I,"A jazz brass piece transitions to male vocals with strings, ending with female vocals."
LI,0,Sunset Serenade,1942-09-14,"Drama, Music, Western",nervous,N,A Sandman Lullaby,a soundtrack featuring male vocals with varying country and folk arrangements.
IU,0,War Dogs,1942-11-13,"Action, Adventure, Drama, Romance, War",happy,N,James Gang - Funk 49,"Features an electric guitar solo with backing instruments, transitions to a heavy metal piece with male vocals, and ends with a drums solo."
IV,0,Trocadero,1944-03-30,"Comedy, Music, Musical",happy,N,Shoo Shoo Baby,Contains a male vocal tutorial with ukulele melody throughout the segments.
IW,0,Double Exposure,1944-12-18,"Comedy, Crime, Mystery, Romance",happy,N,4-3-22 Jorei Jazz  It Could Happen to You by Jimmy Van Heusen and lyrics by Johnny Burke 1943,"Begins with a live classical performance with various instruments, moves to a rock piece with female vocals, and concludes with a pop song cover featuring female vocals."
IX,0,Song of Arizona,1946-03-09,"Drama, Music, Western",happy,N,Its Roy Rogers! - Song of Arizona (1946),"Contains male vocals with percussion, followed by a tutorial with clapping, and ends with male vocals and harmonica."
IY,0,The Legend of Marilyn Monroe,1965-01-29,"Documentary, Biography",happy,N,Helen Kane - I Wanna Be Loved by You (1928),"Features a theremin solo with strings, followed by a live pop performance with female vocals."
IZ,0,Dongfang hong,1965-12-31,Musical,happy,N,The East Is Red,Consists of orchestral music with strings and woodwinds throughout all segments.
JA,0,Hats Off,1936-12-06,"Comedy, Music",happy,N,Stuart Allen – Where Have You Been All My Life 1936,Opens with a theremin solo and continues with a chamber music quintet performance.
JB,0,Dreaming Out Loud,1940-09-30,Comedy,happy,N,Dreaming Out Loud,"Features a trombone and tuba duet, transitions to woodwinds, and ends with a brass section ensemble."
JB,1,Dreaming Out Loud,1940-09-30,Comedy,sad,N,Dreaming Out Loud,"Contains harmonizing trombone melodies, woodwinds, and concludes with a trumpet and tuba performance."
JC,0,Don Winslow of the Navy,1942-01-06,"Action, Adventure, War",happy,N,Anchors Aweigh by Charles ZimmermanJames Barnes,Features orchestral marching band music with brass sections throughout all segments.
JC,1,Don Winslow of the Navy,1942-01-06,"Action, Adventure, War",nervous,N,Anchors Aweigh by Charles ZimmermanJames Barnes,"Begins with symphonic music featuring flute, marimba, and violins, followed by orchestral pieces with brass and strings."
JC,2,Don Winslow of the Navy,1942-01-06,"Action, Adventure, War",nervous,N,Anchors Aweigh by Charles ZimmermanJames Barnes,"Contains symphonic music with flute, marimba, and violins, transitioning to marching band style music."
JD,0,Trocadero,1944-03-30,"Comedy, Music, Musical",happy,N,Shoo Shoo Baby,Features a male vocal tutorial with ukulele throughout all segments.
JE,0,"Reet, Petite, and Gone",1947-01-31,Musical,happy,N,Texas And Pacific,"Opens with a jazz trumpet and tuba performance, transitions to male vocals with instruments, and ends with acoustic guitar."
JF,0,Rim of the Canyon,1949-07-01,Western,happy,N,Rim of the Canyon (1949) Gene Autry  Classic Western  Full Length Movie,"Features traditional woodwind music, followed by didgeridoo performances."
JF,1,Rim of the Canyon,1949-07-01,Western,happy,N,Gene Autry - Youre the Only Star in My Blue Heaven (from Springtime in the Rockies 1937),"Begins with a tutorial and backing track, moves to brass instruments, and ends with chamber music."
JF,2,Rim of the Canyon,1949-07-01,Western,nervous,N,Gene Autry - Youre the Only Star in My Blue Heaven (from Springtime in the Rockies 1937),"Contains a tutorial with backing track, brass instruments, and chamber music."
JG,0,The Buckskin Lady,1957-07-31,Western,happy,N,The Buckskin Lady Musica Albert Glasser,Features brass section music throughout all segments with orchestral accompaniment.
JH,0,New Mexico,1951-05-03,"Drama, Western",nervous,N,In the Meantime,"Begins with instrumental ska music, transitions to drum & bass, and ends with classic rock featuring male vocals."
JH,1,New Mexico,1951-05-03,"Drama, Western",nervous,N,In the Meantime,"Opens with a jazz trio performance, followed by pop songs with male vocals."
JI,0,Heldorado,1946-12-15,"Drama, Music, Western",happy,N,My Saddle Pals and I -- Roy Rogers and the Sons of the Pioneers rodeo performance,Contains male and female vocal tutorials with background vocals and acoustic guitar.
JJ,0,Career Girl,1944-01-11,Musical,happy,N,Blue in Love Again sung by Frances Langford,"Features a rock song cover with male vocals, transitions to dance music, and ends with a jazz orchestra performance."
JK,0,Minstrel Man,1944-08-01,Musical,happy,N,My Melancholy Baby,"Begins with church bells, transitions to brass music, and ends with string melodies."
JK,1,Minstrel Man,1944-08-01,Musical,happy,N,My Melancholy Baby,Features church bells and concludes with woodwind melodies.
JK,2,Minstrel Man,1944-08-01,Musical,peaceful,N,Benny Fields Remember Me To Carolina 1944,"Contains male vocal tutorials, transitions to synth pad chords, and ends with classical music and male vocals."
JL,0,Idaho,1943-03-10,"Drama, Music, Western",happy,N,Sons Of The Pioneers - Don Juan [c1941],Features live performances with male vocals over various instrumental accompaniments.
JL,1,Idaho,1943-03-10,"Drama, Music, Western",peaceful,N,Lone Buckaroo,Contains blues and rock song covers featuring both male and female vocals with different instrumental backings.
JL,2,Idaho,1943-03-10,"Drama, Music, Western",happy,N,Sons Of The Pioneers - Don Juan [c1941],"Features traditional, regional Mexican, and reggae songs with male vocals."
JL,3,Idaho,1943-03-10,"Drama, Music, Western",peaceful,N,Sons Of The Pioneers - Don Juan [c1941],"Contains traditional, regional Mexican, and reggae songs with male vocals and various instruments."
JL,4,Idaho,1943-03-10,"Drama, Music, Western",happy,N,Sons Of The Pioneers - Don Juan [c1941],Features traditional songs with male vocals and percussion throughout.
JM,0,Miss London Ltd.,1943-06-14,"Comedy, Musical",happy,N,The Moth Presents Ed Gavagan Victims Impact,Contains tutorial segments with male vocals and flute instruction.
JN,0,Bullet Scars,1942-03-07,Drama,happy,N,Manny Albam & His Orchestra - Someones Rocking My Dreamboat (1961) [Emerson Scott Otis René & Leo,"Features piano and jazz music with various instruments, ending with a live folk performance."
JO,0,Mooch,1974-08-30,"Comedy, Family",happy,N,Royal Choral Society Hallelujah Chorus from Handels Messiah,"Begins with a tutorial, transitions to classical music, and ends with a choir performance."
JP,0,Satan's Harvest,1970-06-04,Action,nervous,N,Two People,"Contains instrumental classical music, followed by male vocal performances in a foreign language."
JQ,0,Jesse James' Women,1954-09-04,"Drama, Western",nervous,N,George Antheil – “Careless Lover” Film Song From “Jesse James Women” (1954) – Sung by Lita Baron,"Features marimba and timpani, followed by male vocals with harp and piano accompaniment."
JQ,1,Jesse James' Women,1954-09-04,"Drama, Western",nervous,N,George Antheil – “Careless Lover” Film Song From “Jesse James Women” (1954) – Sung by Lita Baron,"Contains classical marimba music, rock cover with harp, and a wedding music performance."
JQ,2,Jesse James' Women,1954-09-04,"Drama, Western",happy,N,George Antheil – “Careless Lover” Film Song From “Jesse James Women” (1954) – Sung by Lita Baron,"Features classical strings and woodwinds, followed by vocal performances with piano accompaniment."
JQ,3,Jesse James' Women,1954-09-04,"Drama, Western",nervous,N,George Antheil – “Careless Lover” Film Song From “Jesse James Women” (1954) – Sung by Lita Baron,"Contains classical music with strings and woodwinds, followed by vocal performances with harp and piano."
JR,0,Colorado Sundown,1952-02-08,"Drama, Music, Western",happy,N,Down By The Riverside -Ken Carson and the Choraliers,"Features R&B, folk, and rock songs with male vocals and various instrumental accompaniments."
JR,1,Colorado Sundown,1952-02-08,"Drama, Music, Western",happy,N,Down By The Riverside -Ken Carson and the Choraliers,Contains folk and pop performances with male vocals and various instruments.
JS,0,Tokyo File 212,1951-01-26,"Crime, Drama",nervous,N,Jim Meets Steffi (From TOKYO FILE 212),Features instrumental brass and string sections throughout all segments.
JS,1,Tokyo File 212,1951-01-26,"Crime, Drama",nervous,N,Kamikaze Class (From TOKYO FILE 212),"Contains classical brass music, symphonic orchestra, and hard rock performances."
JS,2,Tokyo File 212,1951-01-26,"Crime, Drama",happy,N,Hello Mamiko! (From TOKYO FILE 212),"Features brass instruments, orchestral music, and theremin with piano."
JS,3,Tokyo File 212,1951-01-26,"Crime, Drama",nervous,N,Steffi Cries (From TOKYO FILE 212),"Contains orchestral performances with brass, woodwinds, and strings throughout."
JS,4,Tokyo File 212,1951-01-26,"Crime, Drama",peaceful,N,Mamiko Dies In Taros Arms (From TOKYO FILE 212),"Features flute and cello melodies, followed by brass section performances."
JT,0,The Frozen Limits,1939-11-30,"Comedy, Western",happy,N,Festival Winds 2022 - Whistle While You Work by Frank Churchill and Larry Morey arr Toshio Mashima,"Contains classical strings and woodwinds, followed by tuba performances."
JU,0,Paradise in Harlem,1939-12-31,"Comedy, Drama, Musical",happy,N,I Gotta Put You Down,Features live classical and jazz performances with trombone and tuba.
JV,0,Southward Ho!,1939-03-19,Western,nervous,N,CARRY ME BACK TO OLD VIRGINNY (1878) -James Bland Original Song Louis Amstrong B Crosby R Charles,Contains male vocals with piano melody throughout all segments.
JW,0,Broken Strings,1940-12-31,"Drama, Music",happy,N,Kentucky Babe - Adam Geibel,"Features meditation music with choir, followed by rock covers with choir and male vocals."
JX,0,Arizona Bound,1941-07-19,"Drama, Western",happy,N,Frank Sinatra Introduction to Home on the Range  Home on the Range,"Contains instrumental strings, followed by flute lessons and instrument demonstrations."
JY,0,Double Cross,1941-06-27,"Action, Adventure, Crime, Drama",happy,N,Double Cross (Original Soundtrack) - Alone Against an Army (Invasion),"Features electronic dance music, drum & bass, and traditional piano music."
JZ,0,No Hands on the Clock,1941-12-01,"Crime, Mystery",nervous,N,Dolores,Contains harmonica instrumentals and folk songs with male vocals.
KA,0,Sunny,1941-05-30,"Musical, Romance",happy,N,Ray Bolger - Ringmaster (1941),Features trombone with piano accompaniment and rock covers with electric guitar.
KA,1,Sunny,1941-05-30,"Musical, Romance",happy,N,Ray Bolger - Ringmaster (1941),Contains trombone and piano performances throughout the segments.
KB,0,Dawn on the Great Divide,1942-12-18,Western,happy,N,Stephen Foster - Beautiful Dreamer,Features piano and choir performances throughout.
KB,1,Dawn on the Great Divide,1942-12-18,Western,happy,N,Stephen Foster - Beautiful Dreamer,Contains trombone duets and choir performances with piano.
KC,0,Eyes of Texas,1948-07-15,"Drama, Music, Western",sad,N,The Graveyard Filler of the West (Remastered),"Features regional Mexican music, rock covers, and tutorial content."
KC,1,Eyes of Texas,1948-07-15,"Drama, Music, Western",happy,N,The Graveyard Filler of the West (Remastered),Contains regional Mexican music and tutorial content with various instruments.
KD,0,Loaded Pistols,1948-12-15,"Drama, Music, Western",peaceful,N,Gene Autry - Loaded Pistols and Loaded Dice (from Loaded Pistols 1949),"Features a tutorial, orchestral brass music, and male vocals with keyboard."
KD,1,Loaded Pistols,1948-12-15,"Drama, Music, Western",peaceful,N,A Boy from Texas a Girl from Tennessee,"Contains French horn melodies, brass ensemble, and classical music with woodwinds."
KE,0,The Big Sombrero,1949-01-29,"Drama, Music, Western",happy,N,Gene Autry - Im Thankful for Small Favors (The Big Sombrero 1949),Features live pop covers and flute lessons with male vocals.
KE,1,The Big Sombrero,1949-01-29,"Drama, Music, Western",happy,N,The Andrews Sisters - Rancho Pillow (1941),Contains folk songs with female vocals and various instrumental accompaniments.
KE,2,The Big Sombrero,1949-01-29,"Drama, Music, Western",nervous,N,The Andrews Sisters - Rancho Pillow (1941),Features retro and contemporary songs with male and female vocals.
KF,0,Big Fella,1937-06-16,"Drama, Musical",happy,N,Lazin (from the 1937 James Elder Wills Film Big Fella),Contains live classical performances by brass orchestra and male vocal quartet.
KF,1,Big Fella,1937-06-16,"Drama, Musical",happy,N,Harlem In My Heart (feat Elisabeth Welch),"Features harmonica solos, French horn harmonies, and electric guitar melodies."
KG,0,Git Along Little Dogies,1937-03-22,"Drama, Music, Western",happy,N,Stephen Fosters OH! SUSANNA - Original 1848 Lyrics - Tom Roush,"Contains classical, pop, and regional Mexican music with various instruments."
KG,1,Git Along Little Dogies,1937-03-22,"Drama, Music, Western",nervous,N,Johnny Marvin - Happy Days Are Here Again 1929 Jack Yellen & Milton Ager Chasing Rainbows,Features male vocals with piano melody throughout all segments.
LJ,0,The Powers Girl,1943-01-15,"Biography, Drama, Music, Romance",happy,N,Lincoln Center Jazz Orchestra - Roll Em,Contains live classical and jazz performances with various instruments.
LK,0,Dirty Gertie from Harlem U.S.A.,,"Drama, Musical",happy,N,Blues In the Night,"Features marching drums with brass, jazz instrumental, and regional Mexican music."
LL,0,Stone Cold,1991-05-17,"Action, Crime, Drama, Thriller",nervous,N,The classic Stone Cold opening Music by Sylvester Levay,Contains electronic music with digital drums and synthesizers throughout.
LL,1,Stone Cold,1991-05-17,"Action, Crime, Drama, Thriller",happy,N,Невозмутимый (Stone cold) OST,Features live R&B and pop performances with male vocals and various instruments.
LL,2,Stone Cold,1991-05-17,"Action, Crime, Drama, Thriller",happy,N,Stone Cold (1991) - Fight Scene,Contains bagpipe performances throughout all segments.
LM,0,The Sword and the Sorcerer,1982-04-30,"Action, Adventure, Fantasy, Horror",nervous,N,Round Room Fight (From the Original Soundtrack to The Sword and The Sorcerer),Features classical march music with brass orchestra throughout the segments.